Country,Decade,Gender,Count
Afghanistan,1900,Female,6
Afghanistan,1900,Male,17
Afghanistan,1910,Female,3
Afghanistan,1910,Male,22
Afghanistan,1920,Female,1
Afghanistan,1920,Male,47
Afghanistan,1920,Unknown,1
Afghanistan,1930,Female,6
Afghanistan,1930,Male,65
Afghanistan,1930,Unknown,3
Afghanistan,1940,Female,10
Afghanistan,1940,Male,96
Afghanistan,1940,Unknown,4
Afghanistan,1950,Female,29
Afghanistan,1950,Male,155
Afghanistan,1950,Unknown,7
Afghanistan,1960,Female,28
Afghanistan,1960,Male,147
Afghanistan,1960,Unknown,5
Afghanistan,1970,Female,46
Afghanistan,1970,Male,111
Afghanistan,1970,Unknown,6
Afghanistan,1980,Female,71
Afghanistan,1980,Male,161
Afghanistan,1980,Unknown,3
Afghanistan,1990,Female,58
Afghanistan,1990,Male,147
Afghanistan,1990,Unknown,4
Afghanistan,2000,Female,14
Afghanistan,2000,Male,67
Afghanistan,2000,Unknown,2
Afghanistan,2010,Male,1
Albania,1900,Female,10
Albania,1900,Male,91
Albania,1900,Unknown,1
Albania,1910,Female,10
Albania,1910,Male,112
Albania,1910,Unknown,3
Albania,1920,Female,32
Albania,1920,Male,148
Albania,1920,Unknown,4
Albania,1930,Female,22
Albania,1930,Male,167
Albania,1930,Unknown,11
Albania,1940,Female,29
Albania,1940,Male,208
Albania,1940,Unknown,5
Albania,1950,Female,45
Albania,1950,Male,246
Albania,1950,Unknown,4
Albania,1960,Female,66
Albania,1960,Male,262
Albania,1960,Unknown,5
Albania,1970,Female,92
Albania,1970,Male,288
Albania,1970,Unknown,3
Albania,1980,Female,118
Albania,1980,Male,434
Albania,1980,Unknown,3
Albania,1990,Female,78
Albania,1990,Male,521
Albania,1990,Unknown,8
Albania,2000,Female,26
Albania,2000,Male,91
Albania,2000,Unknown,2
Albania,2010,Female,4
Albania,2010,Unknown,1
Algeria,1900,Female,27
Algeria,1900,Male,244
Algeria,1910,Female,39
Algeria,1910,Male,346
Algeria,1920,Female,48
Algeria,1920,Male,492
Algeria,1920,Unknown,1
Algeria,1930,Female,100
Algeria,1930,Male,569
Algeria,1930,Unknown,7
Algeria,1940,Female,117
Algeria,1940,Male,666
Algeria,1940,Unknown,5
Algeria,1950,Female,162
Algeria,1950,Male,870
Algeria,1950,Unknown,13
Algeria,1960,Female,118
Algeria,1960,Male,588
Algeria,1960,Unknown,8
Algeria,1970,Female,79
Algeria,1970,Male,474
Algeria,1970,Unknown,23
Algeria,1980,Female,117
Algeria,1980,Male,682
Algeria,1980,Unknown,25
Algeria,1990,Female,99
Algeria,1990,Male,496
Algeria,1990,Unknown,6
Algeria,2000,Female,36
Algeria,2000,Male,57
Algeria,2000,Unknown,2
American Samoa,1940,Male,2
American Samoa,1960,Male,1
American Samoa,1970,Male,1
American Samoa,1980,Female,1
American Samoa,1980,Male,2
American Samoa,1990,Female,2
American Samoa,2000,Female,1
Andorra,1910,Male,1
Andorra,1920,Female,1
Andorra,1920,Male,4
Andorra,1930,Female,1
Andorra,1930,Male,3
Andorra,1940,Female,2
Andorra,1940,Male,6
Andorra,1940,Unknown,1
Andorra,1950,Female,3
Andorra,1950,Male,15
Andorra,1960,Female,9
Andorra,1960,Male,38
Andorra,1970,Female,21
Andorra,1970,Male,53
Andorra,1970,Unknown,2
Andorra,1980,Female,9
Andorra,1980,Male,54
Andorra,1990,Female,17
Andorra,1990,Male,38
Andorra,2000,Female,4
Andorra,2000,Male,8
Angola,1900,Female,1
Angola,1900,Male,6
Angola,1910,Female,2
Angola,1910,Male,18
Angola,1920,Female,7
Angola,1920,Male,33
Angola,1930,Female,14
Angola,1930,Male,63
Angola,1940,Female,18
Angola,1940,Male,97
Angola,1940,Unknown,1
Angola,1950,Female,31
Angola,1950,Male,111
Angola,1960,Female,32
Angola,1960,Male,156
Angola,1960,Unknown,2
Angola,1970,Female,45
Angola,1970,Male,162
Angola,1980,Female,72
Angola,1980,Male,144
Angola,1980,Non-binary or other,1
Angola,1990,Female,53
Angola,1990,Male,135
Angola,2000,Female,10
Angola,2000,Male,35
Angola,2010,Female,1
Angola,2020,Male,1
Anguilla,1920,Male,1
Anguilla,1950,Female,1
Anguilla,1960,Male,1
Anguilla,1970,Male,1
Anguilla,1980,Male,2
Anguilla,1990,Female,4
Anguilla,1990,Male,2
Anguilla,2000,Male,2
Antigua and Barbuda,1900,Male,4
Antigua and Barbuda,1900,Unknown,1
Antigua and Barbuda,1910,Female,1
Antigua and Barbuda,1910,Male,3
Antigua and Barbuda,1920,Female,3
Antigua and Barbuda,1920,Male,3
Antigua and Barbuda,1930,Male,8
Antigua and Barbuda,1940,Female,4
Antigua and Barbuda,1940,Male,19
Antigua and Barbuda,1950,Female,2
Antigua and Barbuda,1950,Male,27
Antigua and Barbuda,1960,Female,2
Antigua and Barbuda,1960,Male,23
Antigua and Barbuda,1970,Female,7
Antigua and Barbuda,1970,Male,17
Antigua and Barbuda,1980,Female,5
Antigua and Barbuda,1980,Male,50
Antigua and Barbuda,1990,Female,6
Antigua and Barbuda,1990,Male,24
Antigua and Barbuda,1990,Unknown,2
Antigua and Barbuda,2000,Female,3
Antigua and Barbuda,2000,Male,12
Argentina,1900,Female,256
Argentina,1900,Male,1195
Argentina,1900,Unknown,2
Argentina,1910,Female,270
Argentina,1910,Male,1335
Argentina,1910,Unknown,2
Argentina,1920,Female,378
Argentina,1920,Male,1572
Argentina,1930,Female,427
Argentina,1930,Male,1767
Argentina,1930,Unknown,2
Argentina,1940,Female,589
Argentina,1940,Male,2106
Argentina,1940,Non-binary or other,1
Argentina,1940,Unknown,1
Argentina,1950,Female,708
Argentina,1950,Male,2152
Argentina,1950,Unknown,3
Argentina,1960,Female,683
Argentina,1960,Male,2237
Argentina,1960,Non-binary or other,3
Argentina,1960,Unknown,8
Argentina,1970,Female,847
Argentina,1970,Male,2774
Argentina,1970,Non-binary or other,8
Argentina,1970,Unknown,10
Argentina,1980,Female,730
Argentina,1980,Male,3527
Argentina,1980,Non-binary or other,5
Argentina,1980,Unknown,10
Argentina,1990,Female,490
Argentina,1990,Male,3366
Argentina,1990,Non-binary or other,1
Argentina,1990,Unknown,3
Argentina,2000,Female,231
Argentina,2000,Male,855
Argentina,2000,Unknown,1
Argentina,2010,Male,3
Armenia,1900,Female,23
Armenia,1900,Male,269
Armenia,1900,Unknown,3
Armenia,1910,Female,42
Armenia,1910,Male,460
Armenia,1910,Unknown,8
Armenia,1920,Female,111
Armenia,1920,Male,725
Armenia,1920,Unknown,8
Armenia,1930,Female,95
Armenia,1930,Male,707
Armenia,1930,Unknown,8
Armenia,1940,Female,153
Armenia,1940,Male,770
Armenia,1940,Unknown,10
Armenia,1950,Female,207
Armenia,1950,Male,1087
Armenia,1950,Unknown,17
Armenia,1960,Female,169
Armenia,1960,Male,803
Armenia,1960,Unknown,16
Armenia,1970,Female,154
Armenia,1970,Male,718
Armenia,1970,Unknown,12
Armenia,1980,Female,214
Armenia,1980,Male,596
Armenia,1980,Unknown,11
Armenia,1990,Female,107
Armenia,1990,Male,371
Armenia,1990,Unknown,13
Armenia,2000,Female,15
Armenia,2000,Male,75
Armenia,2000,Unknown,1
Armenia,2010,Male,1
Armenia,2020,Male,1
Aruba,1900,Male,3
Aruba,1910,Female,1
Aruba,1910,Male,2
Aruba,1920,Female,1
Aruba,1920,Male,3
Aruba,1930,Female,3
Aruba,1930,Male,6
Aruba,1940,Female,7
Aruba,1940,Male,25
Aruba,1940,Unknown,4
Aruba,1950,Female,10
Aruba,1950,Male,24
Aruba,1950,Unknown,3
Aruba,1960,Female,7
Aruba,1960,Male,7
Aruba,1960,Unknown,1
Aruba,1970,Female,5
Aruba,1970,Male,18
Aruba,1980,Female,11
Aruba,1980,Male,28
Aruba,1990,Female,10
Aruba,1990,Male,22
Aruba,2000,Female,2
Aruba,2000,Male,2
Australia,1900,Female,392
Australia,1900,Male,2338
Australia,1900,Non-binary or other,1
Australia,1900,Unknown,1
Australia,1910,Female,330
Australia,1910,Male,2503
Australia,1910,Unknown,2
Australia,1920,Female,354
Australia,1920,Male,2251
Australia,1920,Unknown,3
Australia,1930,Female,407
Australia,1930,Male,1923
Australia,1930,Non-binary or other,1
Australia,1930,Unknown,4
Australia,1940,Female,677
Australia,1940,Male,2131
Australia,1940,Unknown,4
Australia,1950,Female,843
Australia,1950,Male,2235
Australia,1950,Non-binary or other,4
Australia,1950,Unknown,3
Australia,1960,Female,921
Australia,1960,Male,2289
Australia,1960,Non-binary or other,3
Australia,1960,Unknown,4
Australia,1970,Female,1074
Australia,1970,Male,2954
Australia,1970,Non-binary or other,4
Australia,1970,Unknown,1
Australia,1980,Female,1397
Australia,1980,Male,3153
Australia,1980,Non-binary or other,12
Australia,1980,Unknown,2
Australia,1990,Female,1311
Australia,1990,Male,2579
Australia,1990,Non-binary or other,8
Australia,1990,Unknown,2
Australia,2000,Female,357
Australia,2000,Male,609
Australia,2000,Non-binary or other,4
Australia,2000,Unknown,1
Australia,2010,Female,7
Australia,2010,Male,9
Australia,2020,Female,1
Australia,2020,Male,1
Austria,1900,Female,967
Austria,1900,Male,3570
Austria,1900,Unknown,24
Austria,1910,Female,896
Austria,1910,Male,2931
Austria,1910,Unknown,19
Austria,1920,Female,955
Austria,1920,Male,3183
Austria,1920,Unknown,15
Austria,1930,Female,610
Austria,1930,Male,2435
Austria,1930,Unknown,11
Austria,1940,Female,919
Austria,1940,Male,3618
Austria,1940,Non-binary or other,2
Austria,1940,Unknown,12
Austria,1950,Female,1083
Austria,1950,Male,3319
Austria,1950,Non-binary or other,1
Austria,1950,Unknown,5
Austria,1960,Female,1371
Austria,1960,Male,3520
Austria,1960,Unknown,11
Austria,1970,Female,1189
Austria,1970,Male,2288
Austria,1970,Non-binary or other,1
Austria,1970,Unknown,6
Austria,1980,Female,1044
Austria,1980,Male,2024
Austria,1980,Non-binary or other,1
Austria,1980,Unknown,9
Austria,1990,Female,698
Austria,1990,Male,1642
Austria,1990,Non-binary or other,2
Austria,1990,Unknown,4
Austria,2000,Female,224
Austria,2000,Male,678
Austria,2010,Female,4
Azerbaijan,1900,Female,102
Azerbaijan,1900,Male,611
Azerbaijan,1900,Unknown,18
Azerbaijan,1910,Female,129
Azerbaijan,1910,Male,656
Azerbaijan,1910,Unknown,27
Azerbaijan,1920,Female,230
Azerbaijan,1920,Male,936
Azerbaijan,1920,Unknown,40
Azerbaijan,1930,Female,157
Azerbaijan,1930,Male,1100
Azerbaijan,1930,Unknown,62
Azerbaijan,1940,Female,193
Azerbaijan,1940,Male,1112
Azerbaijan,1940,Unknown,92
Azerbaijan,1950,Female,222
Azerbaijan,1950,Male,1462
Azerbaijan,1950,Unknown,176
Azerbaijan,1960,Female,215
Azerbaijan,1960,Male,1120
Azerbaijan,1960,Unknown,134
Azerbaijan,1970,Female,193
Azerbaijan,1970,Male,961
Azerbaijan,1970,Unknown,144
Azerbaijan,1980,Female,165
Azerbaijan,1980,Male,872
Azerbaijan,1980,Unknown,188
Azerbaijan,1990,Female,80
Azerbaijan,1990,Male,1057
Azerbaijan,1990,Unknown,571
Azerbaijan,2000,Female,42
Azerbaijan,2000,Male,258
Azerbaijan,2000,Unknown,222
Azerbaijan,2010,Female,3
Azerbaijan,2010,Male,1
Azerbaijan,2010,Unknown,1
Bahrain,1900,Male,3
Bahrain,1910,Male,3
Bahrain,1920,Male,5
Bahrain,1930,Male,23
Bahrain,1940,Female,4
Bahrain,1940,Male,29
Bahrain,1950,Female,6
Bahrain,1950,Male,31
Bahrain,1960,Female,13
Bahrain,1960,Male,41
Bahrain,1960,Unknown,1
Bahrain,1970,Female,13
Bahrain,1970,Male,46
Bahrain,1980,Female,18
Bahrain,1980,Male,73
Bahrain,1990,Female,13
Bahrain,1990,Male,46
Bahrain,2000,Female,6
Bahrain,2000,Male,7
Bangladesh,1900,Female,17
Bangladesh,1900,Male,115
Bangladesh,1900,Unknown,5
Bangladesh,1910,Female,26
Bangladesh,1910,Male,142
Bangladesh,1910,Unknown,5
Bangladesh,1920,Female,18
Bangladesh,1920,Male,232
Bangladesh,1920,Unknown,2
Bangladesh,1930,Female,35
Bangladesh,1930,Male,337
Bangladesh,1930,Unknown,9
Bangladesh,1940,Female,54
Bangladesh,1940,Male,436
Bangladesh,1940,Unknown,7
Bangladesh,1950,Female,65
Bangladesh,1950,Male,402
Bangladesh,1960,Female,54
Bangladesh,1960,Male,280
Bangladesh,1960,Unknown,4
Bangladesh,1970,Female,58
Bangladesh,1970,Male,230
Bangladesh,1970,Unknown,4
Bangladesh,1980,Female,68
Bangladesh,1980,Male,256
Bangladesh,1980,Unknown,1
Bangladesh,1990,Female,87
Bangladesh,1990,Male,226
Bangladesh,1990,Unknown,2
Bangladesh,2000,Female,34
Bangladesh,2000,Male,53
Bangladesh,2010,Male,1
Barbados,1900,Female,2
Barbados,1900,Male,24
Barbados,1910,Female,5
Barbados,1910,Male,29
Barbados,1920,Female,1
Barbados,1920,Male,34
Barbados,1930,Female,3
Barbados,1930,Male,46
Barbados,1940,Female,6
Barbados,1940,Male,49
Barbados,1940,Unknown,1
Barbados,1950,Female,7
Barbados,1950,Male,58
Barbados,1950,Unknown,1
Barbados,1960,Female,11
Barbados,1960,Male,60
Barbados,1970,Female,5
Barbados,1970,Male,52
Barbados,1980,Female,16
Barbados,1980,Male,63
Barbados,1990,Female,24
Barbados,1990,Male,67
Barbados,1990,Unknown,1
Barbados,2000,Female,3
Barbados,2000,Male,13
Belarus,1900,Female,174
Belarus,1900,Male,1525
Belarus,1900,Unknown,22
Belarus,1910,Female,199
Belarus,1910,Male,1328
Belarus,1910,Unknown,15
Belarus,1920,Female,317
Belarus,1920,Male,1571
Belarus,1920,Unknown,36
Belarus,1930,Female,338
Belarus,1930,Male,1662
Belarus,1930,Unknown,38
Belarus,1940,Female,282
Belarus,1940,Male,1394
Belarus,1940,Unknown,19
Belarus,1950,Female,380
Belarus,1950,Male,1539
Belarus,1950,Unknown,26
Belarus,1960,Female,331
Belarus,1960,Male,1035
Belarus,1960,Unknown,15
Belarus,1970,Female,399
Belarus,1970,Male,1184
Belarus,1970,Unknown,23
Belarus,1980,Female,483
Belarus,1980,Male,1110
Belarus,1980,Unknown,12
Belarus,1990,Female,327
Belarus,1990,Male,967
Belarus,1990,Unknown,5
Belarus,2000,Female,111
Belarus,2000,Male,488
Belarus,2000,Unknown,3
Belarus,2010,Male,1
Belgium,1900,Female,357
Belgium,1900,Male,1774
Belgium,1900,Unknown,17
Belgium,1910,Female,205
Belgium,1910,Male,1642
Belgium,1910,Unknown,7
Belgium,1920,Female,291
Belgium,1920,Male,2083
Belgium,1920,Unknown,15
Belgium,1930,Female,277
Belgium,1930,Male,1937
Belgium,1930,Unknown,17
Belgium,1940,Female,373
Belgium,1940,Male,2123
Belgium,1940,Unknown,10
Belgium,1950,Female,540
Belgium,1950,Male,2167
Belgium,1950,Unknown,7
Belgium,1960,Female,668
Belgium,1960,Male,2048
Belgium,1960,Unknown,6
Belgium,1970,Female,803
Belgium,1970,Male,1684
Belgium,1970,Unknown,14
Belgium,1980,Female,641
Belgium,1980,Male,1566
Belgium,1980,Non-binary or other,2
Belgium,1980,Unknown,10
Belgium,1990,Female,536
Belgium,1990,Male,1490
Belgium,1990,Non-binary or other,3
Belgium,1990,Unknown,3
Belgium,2000,Female,149
Belgium,2000,Male,487
Belgium,2000,Non-binary or other,1
Belgium,2000,Unknown,1
Belgium,2010,Female,2
Belgium,2010,Male,4
Belgium,2020,Female,1
Belize,1900,Female,3
Belize,1900,Male,7
Belize,1910,Female,2
Belize,1910,Male,4
Belize,1920,Female,4
Belize,1920,Male,17
Belize,1930,Female,1
Belize,1930,Male,16
Belize,1940,Female,4
Belize,1940,Male,27
Belize,1950,Female,8
Belize,1950,Male,16
Belize,1960,Female,4
Belize,1960,Male,18
Belize,1970,Female,11
Belize,1970,Male,22
Belize,1980,Female,19
Belize,1980,Male,38
Belize,1990,Female,10
Belize,1990,Male,34
Belize,2000,Female,4
Belize,2000,Male,2
Benin,1900,Female,2
Benin,1900,Male,10
Benin,1910,Male,19
Benin,1920,Female,2
Benin,1920,Male,26
Benin,1930,Female,7
Benin,1930,Male,26
Benin,1940,Female,14
Benin,1940,Male,46
Benin,1950,Female,16
Benin,1950,Male,67
Benin,1950,Unknown,1
Benin,1960,Female,14
Benin,1960,Male,72
Benin,1970,Female,13
Benin,1970,Male,63
Benin,1970,Unknown,1
Benin,1980,Female,23
Benin,1980,Male,84
Benin,1980,Unknown,1
Benin,1990,Female,29
Benin,1990,Male,78
Benin,2000,Female,9
Benin,2000,Male,33
Bermuda,1900,Female,2
Bermuda,1900,Male,4
Bermuda,1910,Male,10
Bermuda,1920,Female,2
Bermuda,1920,Male,9
Bermuda,1930,Female,1
Bermuda,1930,Male,10
Bermuda,1930,Unknown,1
Bermuda,1940,Male,10
Bermuda,1950,Female,1
Bermuda,1950,Male,5
Bermuda,1960,Female,1
Bermuda,1960,Male,9
Bermuda,1970,Female,4
Bermuda,1970,Male,8
Bermuda,1980,Female,7
Bermuda,1980,Male,14
Bermuda,1990,Female,6
Bermuda,1990,Male,34
Bermuda,2000,Female,4
Bermuda,2000,Male,6
Bhutan,1900,Male,3
Bhutan,1910,Female,1
Bhutan,1910,Male,1
Bhutan,1920,Male,1
Bhutan,1920,Unknown,1
Bhutan,1930,Female,1
Bhutan,1930,Male,1
Bhutan,1940,Female,1
Bhutan,1940,Male,3
Bhutan,1950,Female,5
Bhutan,1950,Male,12
Bhutan,1960,Female,4
Bhutan,1960,Male,13
Bhutan,1970,Female,4
Bhutan,1970,Male,13
Bhutan,1980,Female,7
Bhutan,1980,Male,27
Bhutan,1990,Female,7
Bhutan,1990,Male,37
Bhutan,2000,Female,2
Bhutan,2000,Male,2
Bhutan,2010,Male,1
Bhutan,2020,Female,1
Bhutan,2020,Male,1
Bolivia,1900,Female,16
Bolivia,1900,Male,84
Bolivia,1900,Unknown,5
Bolivia,1910,Female,12
Bolivia,1910,Male,60
Bolivia,1910,Unknown,6
Bolivia,1920,Female,15
Bolivia,1920,Male,115
Bolivia,1920,Unknown,6
Bolivia,1930,Female,10
Bolivia,1930,Male,117
Bolivia,1930,Unknown,6
Bolivia,1940,Female,32
Bolivia,1940,Male,125
Bolivia,1940,Unknown,7
Bolivia,1950,Female,74
Bolivia,1950,Male,151
Bolivia,1950,Unknown,11
Bolivia,1960,Female,82
Bolivia,1960,Male,200
Bolivia,1960,Non-binary or other,1
Bolivia,1960,Unknown,6
Bolivia,1970,Female,80
Bolivia,1970,Male,167
Bolivia,1970,Unknown,1
Bolivia,1980,Female,110
Bolivia,1980,Male,246
Bolivia,1990,Female,60
Bolivia,1990,Male,192
Bolivia,1990,Non-binary or other,1
Bolivia,2000,Female,15
Bolivia,2000,Male,57
Bolivia,2000,Non-binary or other,2
Bolivia,2000,Unknown,3
Bolivia,2010,Male,1
Bosnia and Herzegovina,1900,Female,33
Bosnia and Herzegovina,1900,Male,199
Bosnia and Herzegovina,1900,Unknown,17
Bosnia and Herzegovina,1910,Female,27
Bosnia and Herzegovina,1910,Male,356
Bosnia and Herzegovina,1910,Unknown,36
Bosnia and Herzegovina,1920,Female,48
Bosnia and Herzegovina,1920,Male,310
Bosnia and Herzegovina,1920,Unknown,32
Bosnia and Herzegovina,1930,Female,52
Bosnia and Herzegovina,1930,Male,332
Bosnia and Herzegovina,1930,Unknown,36
Bosnia and Herzegovina,1940,Female,55
Bosnia and Herzegovina,1940,Male,424
Bosnia and Herzegovina,1940,Unknown,78
Bosnia and Herzegovina,1950,Female,106
Bosnia and Herzegovina,1950,Male,611
Bosnia and Herzegovina,1950,Non-binary or other,1
Bosnia and Herzegovina,1950,Unknown,96
Bosnia and Herzegovina,1960,Female,99
Bosnia and Herzegovina,1960,Male,613
Bosnia and Herzegovina,1960,Unknown,61
Bosnia and Herzegovina,1970,Female,160
Bosnia and Herzegovina,1970,Male,621
Bosnia and Herzegovina,1970,Unknown,44
Bosnia and Herzegovina,1980,Female,192
Bosnia and Herzegovina,1980,Male,763
Bosnia and Herzegovina,1980,Non-binary or other,2
Bosnia and Herzegovina,1980,Unknown,28
Bosnia and Herzegovina,1990,Female,107
Bosnia and Herzegovina,1990,Male,519
Bosnia and Herzegovina,1990,Unknown,16
Bosnia and Herzegovina,2000,Female,17
Bosnia and Herzegovina,2000,Male,117
Bosnia and Herzegovina,2000,Unknown,5
Botswana,1900,Female,1
Botswana,1900,Male,1
Botswana,1910,Male,7
Botswana,1920,Female,2
Botswana,1920,Male,14
Botswana,1930,Female,2
Botswana,1930,Male,8
Botswana,1940,Female,2
Botswana,1940,Male,10
Botswana,1950,Female,17
Botswana,1950,Male,11
Botswana,1960,Female,12
Botswana,1960,Male,19
Botswana,1970,Female,13
Botswana,1970,Male,46
Botswana,1980,Female,40
Botswana,1980,Male,81
Botswana,1980,Unknown,1
Botswana,1990,Female,44
Botswana,1990,Male,85
Botswana,2000,Female,17
Botswana,2000,Male,11
Brazil,1900,Female,197
Brazil,1900,Male,1430
Brazil,1900,Unknown,4
Brazil,1910,Female,325
Brazil,1910,Male,1867
Brazil,1910,Unknown,15
Brazil,1920,Female,487
Brazil,1920,Male,2448
Brazil,1920,Non-binary or other,1
Brazil,1920,Unknown,13
Brazil,1930,Female,811
Brazil,1930,Male,3258
Brazil,1930,Non-binary or other,1
Brazil,1930,Unknown,11
Brazil,1940,Female,1243
Brazil,1940,Male,4737
Brazil,1940,Non-binary or other,2
Brazil,1940,Unknown,15
Brazil,1950,Female,1999
Brazil,1950,Male,6443
Brazil,1950,Non-binary or other,4
Brazil,1950,Unknown,17
Brazil,1960,Female,2463
Brazil,1960,Male,8066
Brazil,1960,Non-binary or other,4
Brazil,1960,Unknown,21
Brazil,1970,Female,2583
Brazil,1970,Male,7855
Brazil,1970,Non-binary or other,16
Brazil,1970,Unknown,35
Brazil,1980,Female,2653
Brazil,1980,Male,7680
Brazil,1980,Non-binary or other,15
Brazil,1980,Unknown,61
Brazil,1990,Female,1640
Brazil,1990,Male,4646
Brazil,1990,Non-binary or other,30
Brazil,1990,Unknown,39
Brazil,2000,Female,567
Brazil,2000,Male,1191
Brazil,2000,Non-binary or other,2
Brazil,2000,Unknown,9
Brazil,2010,Female,34
Brazil,2010,Male,44
Brazil,2010,Unknown,3
Brazil,2020,Female,6
Brazil,2020,Male,7
Brazil,2020,Unknown,1
British Indian Ocean Territory,1940,Male,1
British Indian Ocean Territory,1960,Male,1
British Indian Ocean Territory,1990,Female,1
British Virgin Islands,1970,Male,1
British Virgin Islands,1990,Female,2
Brunei,1900,Male,2
Brunei,1910,Male,7
Brunei,1920,Female,1
Brunei,1920,Male,5
Brunei,1930,Male,2
Brunei,1940,Female,2
Brunei,1940,Male,14
Brunei,1950,Female,6
Brunei,1950,Male,8
Brunei,1960,Female,2
Brunei,1960,Male,19
Brunei,1970,Female,6
Brunei,1970,Male,19
Brunei,1980,Female,9
Brunei,1980,Male,49
Brunei,1990,Female,4
Brunei,1990,Male,41
Brunei,2000,Female,3
Brunei,2000,Male,10
Brunei,2010,Female,1
Brunei,2010,Male,1
Bulgaria,1900,Female,113
Bulgaria,1900,Male,854
Bulgaria,1910,Female,113
Bulgaria,1910,Male,861
Bulgaria,1910,Unknown,1
Bulgaria,1920,Female,244
Bulgaria,1920,Male,1385
Bulgaria,1930,Female,287
Bulgaria,1930,Male,1431
Bulgaria,1940,Female,336
Bulgaria,1940,Male,1494
Bulgaria,1950,Female,501
Bulgaria,1950,Male,1655
Bulgaria,1960,Female,541
Bulgaria,1960,Male,1617
Bulgaria,1970,Female,609
Bulgaria,1970,Male,1542
Bulgaria,1970,Non-binary or other,1
Bulgaria,1980,Female,470
Bulgaria,1980,Male,1341
Bulgaria,1990,Female,249
Bulgaria,1990,Male,857
Bulgaria,2000,Female,68
Bulgaria,2000,Male,201
Bulgaria,2010,Female,2
Bulgaria,2010,Male,1
Burkina Faso,1900,Female,1
Burkina Faso,1900,Male,3
Burkina Faso,1910,Male,16
Burkina Faso,1920,Male,16
Burkina Faso,1930,Female,2
Burkina Faso,1930,Male,22
Burkina Faso,1930,Unknown,1
Burkina Faso,1940,Female,5
Burkina Faso,1940,Male,37
Burkina Faso,1950,Female,12
Burkina Faso,1950,Male,74
Burkina Faso,1960,Female,16
Burkina Faso,1960,Male,74
Burkina Faso,1970,Female,26
Burkina Faso,1970,Male,77
Burkina Faso,1980,Female,22
Burkina Faso,1980,Male,139
Burkina Faso,1990,Female,14
Burkina Faso,1990,Male,99
Burkina Faso,2000,Female,8
Burkina Faso,2000,Male,17
Burkina Faso,2010,Male,1
Burundi,1910,Male,3
Burundi,1920,Female,1
Burundi,1920,Male,2
Burundi,1930,Female,1
Burundi,1930,Male,7
Burundi,1930,Unknown,1
Burundi,1940,Female,1
Burundi,1940,Male,13
Burundi,1950,Female,8
Burundi,1950,Male,29
Burundi,1960,Female,13
Burundi,1960,Male,30
Burundi,1970,Female,8
Burundi,1970,Male,39
Burundi,1980,Female,12
Burundi,1980,Male,58
Burundi,1980,Non-binary or other,2
Burundi,1990,Female,16
Burundi,1990,Male,68
Burundi,2000,Female,3
Burundi,2000,Male,16
Burundi,2010,Male,1
Cambodia,1900,Female,4
Cambodia,1900,Male,20
Cambodia,1910,Female,3
Cambodia,1910,Male,27
Cambodia,1910,Unknown,2
Cambodia,1920,Female,3
Cambodia,1920,Male,46
Cambodia,1920,Unknown,1
Cambodia,1930,Female,7
Cambodia,1930,Male,57
Cambodia,1940,Female,24
Cambodia,1940,Male,64
Cambodia,1940,Unknown,2
Cambodia,1950,Female,9
Cambodia,1950,Male,49
Cambodia,1960,Female,14
Cambodia,1960,Male,30
Cambodia,1960,Unknown,1
Cambodia,1970,Female,17
Cambodia,1970,Male,25
Cambodia,1970,Unknown,1
Cambodia,1980,Female,23
Cambodia,1980,Male,35
Cambodia,1980,Unknown,1
Cambodia,1990,Female,19
Cambodia,1990,Male,99
Cambodia,2000,Female,2
Cambodia,2000,Male,24
Cambodia,2010,Male,1
Cambodia,2020,Unknown,1
Cameroon,1900,Female,1
Cameroon,1900,Male,6
Cameroon,1910,Female,3
Cameroon,1910,Male,28
Cameroon,1920,Female,7
Cameroon,1920,Male,46
Cameroon,1930,Female,19
Cameroon,1930,Male,108
Cameroon,1930,Unknown,2
Cameroon,1940,Female,31
Cameroon,1940,Male,135
Cameroon,1950,Female,60
Cameroon,1950,Male,219
Cameroon,1950,Unknown,1
Cameroon,1960,Female,61
Cameroon,1960,Male,208
Cameroon,1960,Unknown,2
Cameroon,1970,Female,71
Cameroon,1970,Male,297
Cameroon,1970,Unknown,2
Cameroon,1980,Female,161
Cameroon,1980,Male,596
Cameroon,1980,Unknown,4
Cameroon,1990,Female,160
Cameroon,1990,Male,447
Cameroon,2000,Female,36
Cameroon,2000,Male,100
Cameroon,2000,Unknown,1
Canada,1900,Female,361
Canada,1900,Male,1877
Canada,1900,Unknown,4
Canada,1910,Female,442
Canada,1910,Male,2553
Canada,1910,Unknown,8
Canada,1920,Female,658
Canada,1920,Male,3336
Canada,1920,Unknown,9
Canada,1930,Female,688
Canada,1930,Male,3728
Canada,1930,Unknown,11
Canada,1940,Female,1178
Canada,1940,Male,4440
Canada,1940,Non-binary or other,4
Canada,1940,Unknown,19
Canada,1950,Female,1799
Canada,1950,Male,4980
Canada,1950,Non-binary or other,1
Canada,1950,Unknown,19
Canada,1960,Female,1593
Canada,1960,Male,4529
Canada,1960,Non-binary or other,10
Canada,1960,Unknown,5
Canada,1970,Female,1821
Canada,1970,Male,4603
Canada,1970,Non-binary or other,4
Canada,1970,Unknown,21
Canada,1980,Female,2106
Canada,1980,Male,4764
Canada,1980,Non-binary or other,21
Canada,1980,Unknown,20
Canada,1990,Female,1675
Canada,1990,Male,3093
Canada,1990,Non-binary or other,19
Canada,1990,Unknown,11
Canada,2000,Female,548
Canada,2000,Male,813
Canada,2000,Non-binary or other,1
Canada,2000,Unknown,6
Canada,2010,Female,25
Canada,2010,Male,32
Canada,2020,Female,2
Canada,2020,Male,1
Canada,2100,Female,1
Cape Verde,1900,Male,10
Cape Verde,1910,Female,3
Cape Verde,1910,Male,4
Cape Verde,1920,Female,7
Cape Verde,1920,Male,17
Cape Verde,1930,Female,3
Cape Verde,1930,Male,22
Cape Verde,1930,Unknown,2
Cape Verde,1940,Female,11
Cape Verde,1940,Male,15
Cape Verde,1950,Female,8
Cape Verde,1950,Male,31
Cape Verde,1960,Female,4
Cape Verde,1960,Male,36
Cape Verde,1970,Female,14
Cape Verde,1970,Male,36
Cape Verde,1970,Unknown,2
Cape Verde,1980,Female,11
Cape Verde,1980,Male,73
Cape Verde,1990,Female,13
Cape Verde,1990,Male,72
Cape Verde,1990,Non-binary or other,1
Cape Verde,1990,Unknown,1
Cape Verde,2000,Female,1
Cape Verde,2000,Male,11
Cayman Islands,1910,Female,1
Cayman Islands,1910,Male,1
Cayman Islands,1920,Female,1
Cayman Islands,1960,Female,2
Cayman Islands,1960,Male,3
Cayman Islands,1970,Female,1
Cayman Islands,1970,Male,1
Cayman Islands,1980,Female,5
Cayman Islands,1980,Male,18
Cayman Islands,1990,Female,3
Cayman Islands,1990,Male,8
Cayman Islands,2000,Male,6
Central African Republic,1900,Male,1
Central African Republic,1910,Female,1
Central African Republic,1910,Male,2
Central African Republic,1920,Male,8
Central African Republic,1930,Female,4
Central African Republic,1930,Male,18
Central African Republic,1940,Female,7
Central African Republic,1940,Male,25
Central African Republic,1950,Female,7
Central African Republic,1950,Male,25
Central African Republic,1960,Female,4
Central African Republic,1960,Male,27
Central African Republic,1970,Female,3
Central African Republic,1970,Male,28
Central African Republic,1970,Unknown,1
Central African Republic,1980,Female,9
Central African Republic,1980,Male,33
Central African Republic,1990,Female,2
Central African Republic,1990,Male,38
Central African Republic,2000,Female,1
Central African Republic,2000,Male,13
Chad,1900,Male,3
Chad,1910,Female,1
Chad,1910,Male,4
Chad,1910,Unknown,1
Chad,1920,Male,9
Chad,1930,Female,2
Chad,1930,Male,12
Chad,1940,Female,4
Chad,1940,Male,24
Chad,1950,Female,8
Chad,1950,Male,42
Chad,1960,Female,7
Chad,1960,Male,37
Chad,1970,Female,5
Chad,1970,Male,30
Chad,1970,Unknown,1
Chad,1980,Female,10
Chad,1980,Male,61
Chad,1990,Female,10
Chad,1990,Male,31
Chad,2000,Female,3
Chad,2000,Male,10
Chile,1900,Female,93
Chile,1900,Male,457
Chile,1910,Female,98
Chile,1910,Male,477
Chile,1920,Female,131
Chile,1920,Male,628
Chile,1920,Unknown,1
Chile,1930,Female,158
Chile,1930,Male,657
Chile,1940,Female,219
Chile,1940,Male,836
Chile,1950,Female,240
Chile,1950,Male,887
Chile,1950,Unknown,3
Chile,1960,Female,299
Chile,1960,Male,789
Chile,1960,Non-binary or other,2
Chile,1960,Unknown,2
Chile,1970,Female,415
Chile,1970,Male,948
Chile,1970,Unknown,2
Chile,1980,Female,406
Chile,1980,Male,1070
Chile,1980,Non-binary or other,2
Chile,1980,Unknown,4
Chile,1990,Female,224
Chile,1990,Male,917
Chile,1990,Non-binary or other,5
Chile,1990,Unknown,2
Chile,2000,Female,47
Chile,2000,Male,208
Chile,2000,Unknown,2
Chile,2010,Male,2
Colombia,1900,Female,63
Colombia,1900,Male,246
Colombia,1910,Female,27
Colombia,1910,Male,191
Colombia,1920,Female,40
Colombia,1920,Male,301
Colombia,1920,Unknown,1
Colombia,1930,Female,72
Colombia,1930,Male,394
Colombia,1940,Female,112
Colombia,1940,Male,618
Colombia,1940,Unknown,1
Colombia,1950,Female,252
Colombia,1950,Male,741
Colombia,1950,Unknown,2
Colombia,1960,Female,250
Colombia,1960,Male,849
Colombia,1960,Unknown,2
Colombia,1970,Female,357
Colombia,1970,Male,869
Colombia,1970,Unknown,5
Colombia,1980,Female,458
Colombia,1980,Male,1418
Colombia,1980,Non-binary or other,4
Colombia,1980,Unknown,8
Colombia,1990,Female,311
Colombia,1990,Male,1625
Colombia,1990,Non-binary or other,4
Colombia,1990,Unknown,5
Colombia,2000,Female,90
Colombia,2000,Male,340
Colombia,2000,Unknown,5
Colombia,2010,Male,1
Comoros,1900,Male,3
Comoros,1910,Male,4
Comoros,1930,Male,6
Comoros,1940,Male,3
Comoros,1950,Female,3
Comoros,1950,Male,11
Comoros,1960,Female,7
Comoros,1960,Male,13
Comoros,1960,Unknown,1
Comoros,1970,Female,4
Comoros,1970,Male,12
Comoros,1980,Female,5
Comoros,1980,Male,14
Comoros,1990,Female,15
Comoros,1990,Male,17
Comoros,2000,Female,19
Comoros,2000,Male,5
Cook Islands,1900,Male,4
Cook Islands,1910,Female,2
Cook Islands,1910,Male,5
Cook Islands,1920,Male,3
Cook Islands,1930,Female,4
Cook Islands,1930,Male,4
Cook Islands,1940,Female,1
Cook Islands,1940,Male,13
Cook Islands,1950,Female,4
Cook Islands,1950,Male,13
Cook Islands,1960,Female,2
Cook Islands,1960,Male,8
Cook Islands,1970,Female,3
Cook Islands,1970,Male,18
Cook Islands,1980,Female,3
Cook Islands,1980,Male,31
Cook Islands,1990,Female,8
Cook Islands,1990,Male,16
Cook Islands,2000,Male,1
Costa Rica,1900,Female,16
Costa Rica,1900,Male,67
Costa Rica,1900,Non-binary or other,1
Costa Rica,1910,Female,13
Costa Rica,1910,Male,42
Costa Rica,1920,Female,17
Costa Rica,1920,Male,63
Costa Rica,1930,Female,17
Costa Rica,1930,Male,80
Costa Rica,1940,Female,20
Costa Rica,1940,Male,128
Costa Rica,1950,Female,45
Costa Rica,1950,Male,144
Costa Rica,1960,Female,36
Costa Rica,1960,Male,145
Costa Rica,1960,Unknown,1
Costa Rica,1970,Female,38
Costa Rica,1970,Male,162
Costa Rica,1970,Unknown,1
Costa Rica,1980,Female,64
Costa Rica,1980,Male,282
Costa Rica,1980,Unknown,1
Costa Rica,1990,Female,53
Costa Rica,1990,Male,284
Costa Rica,2000,Female,13
Costa Rica,2000,Male,73
Costa Rica,2000,Unknown,1
Croatia,1900,Female,77
Croatia,1900,Male,651
Croatia,1900,Unknown,15
Croatia,1910,Female,86
Croatia,1910,Male,816
Croatia,1910,Unknown,8
Croatia,1920,Female,152
Croatia,1920,Male,801
Croatia,1920,Unknown,23
Croatia,1930,Female,142
Croatia,1930,Male,741
Croatia,1930,Unknown,26
Croatia,1940,Female,152
Croatia,1940,Male,670
Croatia,1940,Unknown,26
Croatia,1950,Female,192
Croatia,1950,Male,660
Croatia,1950,Unknown,28
Croatia,1960,Female,240
Croatia,1960,Male,731
Croatia,1960,Unknown,21
Croatia,1970,Female,306
Croatia,1970,Male,884
Croatia,1970,Unknown,23
Croatia,1980,Female,360
Croatia,1980,Male,1043
Croatia,1980,Unknown,24
Croatia,1990,Female,242
Croatia,1990,Male,899
Croatia,1990,Unknown,18
Croatia,2000,Female,61
Croatia,2000,Male,185
Croatia,2000,Unknown,5
Cuba,1900,Female,54
Cuba,1900,Male,209
Cuba,1900,Non-binary or other,1
Cuba,1910,Female,51
Cuba,1910,Male,278
Cuba,1910,Unknown,1
Cuba,1920,Female,98
Cuba,1920,Male,348
Cuba,1920,Unknown,2
Cuba,1930,Female,108
Cuba,1930,Male,364
Cuba,1930,Non-binary or other,1
Cuba,1930,Unknown,1
Cuba,1940,Female,123
Cuba,1940,Male,493
Cuba,1940,Unknown,2
Cuba,1950,Female,151
Cuba,1950,Male,496
Cuba,1950,Non-binary or other,1
Cuba,1950,Unknown,5
Cuba,1960,Female,159
Cuba,1960,Male,484
Cuba,1960,Unknown,5
Cuba,1970,Female,184
Cuba,1970,Male,429
Cuba,1970,Non-binary or other,1
Cuba,1980,Female,204
Cuba,1980,Male,496
Cuba,1990,Female,103
Cuba,1990,Male,294
Cuba,1990,Unknown,2
Cuba,2000,Female,28
Cuba,2000,Male,53
Cuba,2000,Unknown,2
Cuba,2010,Male,1
Curaçao,1900,Male,2
Curaçao,1910,Female,2
Curaçao,1910,Male,7
Curaçao,1920,Female,2
Curaçao,1920,Male,9
Curaçao,1920,Unknown,2
Curaçao,1930,Female,3
Curaçao,1930,Male,13
Curaçao,1930,Unknown,1
Curaçao,1940,Female,9
Curaçao,1940,Male,12
Curaçao,1950,Female,12
Curaçao,1950,Male,16
Curaçao,1950,Non-binary or other,1
Curaçao,1960,Female,4
Curaçao,1960,Male,12
Curaçao,1970,Female,6
Curaçao,1970,Male,24
Curaçao,1980,Female,4
Curaçao,1980,Male,72
Curaçao,1990,Female,10
Curaçao,1990,Male,66
Curaçao,2000,Female,1
Curaçao,2000,Male,4
Cyprus,1900,Female,5
Cyprus,1900,Male,56
Cyprus,1900,Unknown,1
Cyprus,1910,Female,6
Cyprus,1910,Male,76
Cyprus,1920,Female,12
Cyprus,1920,Male,142
Cyprus,1920,Unknown,1
Cyprus,1930,Female,17
Cyprus,1930,Male,169
Cyprus,1930,Unknown,3
Cyprus,1940,Female,25
Cyprus,1940,Male,213
Cyprus,1940,Unknown,3
Cyprus,1950,Female,46
Cyprus,1950,Male,231
Cyprus,1950,Unknown,4
Cyprus,1960,Female,38
Cyprus,1960,Male,185
Cyprus,1960,Unknown,2
Cyprus,1970,Female,48
Cyprus,1970,Male,191
Cyprus,1970,Unknown,3
Cyprus,1980,Female,64
Cyprus,1980,Male,182
Cyprus,1980,Unknown,1
Cyprus,1990,Female,50
Cyprus,1990,Male,196
Cyprus,1990,Unknown,1
Cyprus,2000,Female,22
Cyprus,2000,Male,66
Cyprus,2000,Unknown,1
Cyprus,2010,Female,1
Cyprus,2010,Male,1
Czech Republic,1900,Female,1733
Czech Republic,1900,Male,10757
Czech Republic,1900,Unknown,203
Czech Republic,1910,Female,1470
Czech Republic,1910,Male,10166
Czech Republic,1910,Non-binary or other,1
Czech Republic,1910,Unknown,145
Czech Republic,1920,Female,2885
Czech Republic,1920,Male,13793
Czech Republic,1920,Unknown,203
Czech Republic,1930,Female,2172
Czech Republic,1930,Male,8733
Czech Republic,1930,Unknown,132
Czech Republic,1940,Female,3065
Czech Republic,1940,Male,9085
Czech Republic,1940,Unknown,140
Czech Republic,1950,Female,3581
Czech Republic,1950,Male,8218
Czech Republic,1950,Unknown,106
Czech Republic,1960,Female,3162
Czech Republic,1960,Male,6943
Czech Republic,1960,Unknown,55
Czech Republic,1970,Female,4522
Czech Republic,1970,Male,8747
Czech Republic,1970,Unknown,42
Czech Republic,1980,Female,3905
Czech Republic,1980,Male,5776
Czech Republic,1980,Non-binary or other,1
Czech Republic,1980,Unknown,9
Czech Republic,1990,Female,1691
Czech Republic,1990,Male,2723
Czech Republic,1990,Non-binary or other,1
Czech Republic,1990,Unknown,4
Czech Republic,2000,Female,368
Czech Republic,2000,Male,689
Czech Republic,2000,Unknown,1
Czech Republic,2010,Female,16
Czech Republic,2010,Male,21
Czech Republic,2020,Female,2
Democratic Republic of the Congo,1900,Female,2
Democratic Republic of the Congo,1900,Male,6
Democratic Republic of the Congo,1910,Male,23
Democratic Republic of the Congo,1920,Female,4
Democratic Republic of the Congo,1920,Male,40
Democratic Republic of the Congo,1930,Female,6
Democratic Republic of the Congo,1930,Male,84
Democratic Republic of the Congo,1940,Female,13
Democratic Republic of the Congo,1940,Male,154
Democratic Republic of the Congo,1950,Female,62
Democratic Republic of the Congo,1950,Male,252
Democratic Republic of the Congo,1960,Female,76
Democratic Republic of the Congo,1960,Male,271
Democratic Republic of the Congo,1960,Unknown,1
Democratic Republic of the Congo,1970,Female,108
Democratic Republic of the Congo,1970,Male,314
Democratic Republic of the Congo,1970,Unknown,1
Democratic Republic of the Congo,1980,Female,80
Democratic Republic of the Congo,1980,Male,397
Democratic Republic of the Congo,1980,Non-binary or other,1
Democratic Republic of the Congo,1980,Unknown,2
Democratic Republic of the Congo,1990,Female,69
Democratic Republic of the Congo,1990,Male,286
Democratic Republic of the Congo,1990,Non-binary or other,1
Democratic Republic of the Congo,1990,Unknown,1
Democratic Republic of the Congo,2000,Female,10
Democratic Republic of the Congo,2000,Male,52
Denmark,1900,Female,252
Denmark,1900,Male,907
Denmark,1900,Unknown,1
Denmark,1910,Female,270
Denmark,1910,Male,1060
Denmark,1910,Unknown,2
Denmark,1920,Female,275
Denmark,1920,Male,1085
Denmark,1920,Unknown,3
Denmark,1930,Female,297
Denmark,1930,Male,971
Denmark,1930,Unknown,2
Denmark,1940,Female,470
Denmark,1940,Male,1314
Denmark,1940,Unknown,4
Denmark,1950,Female,351
Denmark,1950,Male,996
Denmark,1950,Unknown,3
Denmark,1960,Female,498
Denmark,1960,Male,1195
Denmark,1960,Unknown,3
Denmark,1970,Female,668
Denmark,1970,Male,1320
Denmark,1970,Unknown,4
Denmark,1980,Female,473
Denmark,1980,Male,1012
Denmark,1980,Non-binary or other,1
Denmark,1980,Unknown,1
Denmark,1990,Female,510
Denmark,1990,Male,966
Denmark,1990,Non-binary or other,2
Denmark,1990,Unknown,1
Denmark,2000,Female,232
Denmark,2000,Male,579
Denmark,2010,Female,8
Denmark,2010,Male,8
Djibouti,1910,Male,3
Djibouti,1920,Female,2
Djibouti,1920,Male,6
Djibouti,1930,Male,11
Djibouti,1940,Female,1
Djibouti,1940,Male,5
Djibouti,1950,Female,1
Djibouti,1950,Male,13
Djibouti,1960,Female,5
Djibouti,1960,Male,13
Djibouti,1970,Female,4
Djibouti,1970,Male,4
Djibouti,1980,Female,1
Djibouti,1980,Male,10
Djibouti,1990,Female,6
Djibouti,1990,Male,15
Djibouti,2000,Male,2
Dominica,1900,Female,2
Dominica,1900,Male,2
Dominica,1910,Female,1
Dominica,1910,Male,6
Dominica,1920,Male,5
Dominica,1930,Female,2
Dominica,1930,Male,12
Dominica,1940,Female,3
Dominica,1940,Male,20
Dominica,1950,Female,5
Dominica,1950,Male,18
Dominica,1960,Female,4
Dominica,1960,Male,18
Dominica,1970,Female,2
Dominica,1970,Male,16
Dominica,1980,Male,29
Dominica,1990,Female,6
Dominica,1990,Male,12
Dominica,2000,Male,5
Dominican Republic,1900,Female,9
Dominican Republic,1900,Male,51
Dominican Republic,1900,Unknown,1
Dominican Republic,1910,Female,16
Dominican Republic,1910,Male,47
Dominican Republic,1910,Unknown,1
Dominican Republic,1920,Female,17
Dominican Republic,1920,Male,84
Dominican Republic,1930,Female,21
Dominican Republic,1930,Male,112
Dominican Republic,1940,Female,34
Dominican Republic,1940,Male,145
Dominican Republic,1940,Unknown,1
Dominican Republic,1950,Female,58
Dominican Republic,1950,Male,199
Dominican Republic,1950,Unknown,3
Dominican Republic,1960,Female,66
Dominican Republic,1960,Male,255
Dominican Republic,1960,Unknown,3
Dominican Republic,1970,Female,74
Dominican Republic,1970,Male,373
Dominican Republic,1970,Unknown,3
Dominican Republic,1980,Female,123
Dominican Republic,1980,Male,490
Dominican Republic,1980,Non-binary or other,1
Dominican Republic,1980,Unknown,3
Dominican Republic,1990,Female,100
Dominican Republic,1990,Male,466
Dominican Republic,1990,Non-binary or other,4
Dominican Republic,2000,Female,23
Dominican Republic,2000,Male,79
Dominican Republic,2000,Unknown,1
Dominican Republic,2020,Male,1
Ecuador,1900,Female,32
Ecuador,1900,Male,75
Ecuador,1910,Female,19
Ecuador,1910,Male,74
Ecuador,1920,Female,22
Ecuador,1920,Male,125
Ecuador,1930,Female,21
Ecuador,1930,Male,166
Ecuador,1940,Female,43
Ecuador,1940,Male,192
Ecuador,1950,Female,72
Ecuador,1950,Male,207
Ecuador,1950,Unknown,1
Ecuador,1960,Female,91
Ecuador,1960,Male,225
Ecuador,1970,Female,118
Ecuador,1970,Male,286
Ecuador,1970,Unknown,1
Ecuador,1980,Female,159
Ecuador,1980,Male,441
Ecuador,1980,Non-binary or other,1
Ecuador,1980,Unknown,2
Ecuador,1990,Female,134
Ecuador,1990,Male,543
Ecuador,1990,Unknown,1
Ecuador,2000,Female,37
Ecuador,2000,Male,106
Ecuador,2000,Unknown,1
Ecuador,2010,Male,1
Egypt,1900,Female,61
Egypt,1900,Male,271
Egypt,1900,Unknown,3
Egypt,1910,Female,83
Egypt,1910,Male,435
Egypt,1920,Female,128
Egypt,1920,Male,636
Egypt,1920,Unknown,1
Egypt,1930,Female,163
Egypt,1930,Male,744
Egypt,1930,Unknown,5
Egypt,1940,Female,185
Egypt,1940,Male,722
Egypt,1940,Unknown,3
Egypt,1950,Female,171
Egypt,1950,Male,617
Egypt,1950,Unknown,3
Egypt,1960,Female,125
Egypt,1960,Male,501
Egypt,1960,Non-binary or other,2
Egypt,1960,Unknown,2
Egypt,1970,Female,152
Egypt,1970,Male,466
Egypt,1970,Unknown,3
Egypt,1980,Female,214
Egypt,1980,Male,572
Egypt,1980,Non-binary or other,1
Egypt,1980,Unknown,2
Egypt,1990,Female,211
Egypt,1990,Male,403
Egypt,2000,Female,80
Egypt,2000,Male,130
Egypt,2000,Non-binary or other,1
Egypt,2000,Unknown,1
Egypt,2010,Female,2
El Salvador,1900,Female,9
El Salvador,1900,Male,34
El Salvador,1910,Female,6
El Salvador,1910,Male,41
El Salvador,1920,Female,6
El Salvador,1920,Male,47
El Salvador,1930,Female,9
El Salvador,1930,Male,47
El Salvador,1940,Female,17
El Salvador,1940,Male,103
El Salvador,1950,Female,27
El Salvador,1950,Male,104
El Salvador,1960,Female,15
El Salvador,1960,Male,87
El Salvador,1970,Female,31
El Salvador,1970,Male,94
El Salvador,1980,Female,42
El Salvador,1980,Male,170
El Salvador,1990,Female,34
El Salvador,1990,Male,119
El Salvador,2000,Female,5
El Salvador,2000,Male,13
El Salvador,2000,Unknown,2
Equatorial Guinea,1900,Male,3
Equatorial Guinea,1910,Female,1
Equatorial Guinea,1910,Male,3
Equatorial Guinea,1920,Male,14
Equatorial Guinea,1930,Female,2
Equatorial Guinea,1930,Male,17
Equatorial Guinea,1940,Female,8
Equatorial Guinea,1940,Male,18
Equatorial Guinea,1950,Female,6
Equatorial Guinea,1950,Male,27
Equatorial Guinea,1960,Female,4
Equatorial Guinea,1960,Male,27
Equatorial Guinea,1970,Female,7
Equatorial Guinea,1970,Male,17
Equatorial Guinea,1980,Female,15
Equatorial Guinea,1980,Male,26
Equatorial Guinea,1990,Female,9
Equatorial Guinea,1990,Male,57
Equatorial Guinea,2000,Female,9
Equatorial Guinea,2000,Male,26
Eritrea,1900,Male,10
Eritrea,1900,Unknown,1
Eritrea,1910,Male,6
Eritrea,1920,Male,9
Eritrea,1920,Unknown,1
Eritrea,1930,Female,7
Eritrea,1930,Male,16
Eritrea,1940,Female,5
Eritrea,1940,Male,42
Eritrea,1950,Female,2
Eritrea,1950,Male,17
Eritrea,1960,Female,7
Eritrea,1960,Male,11
Eritrea,1970,Female,10
Eritrea,1970,Male,22
Eritrea,1980,Female,4
Eritrea,1980,Male,31
Eritrea,1990,Female,10
Eritrea,1990,Male,45
Eritrea,2000,Female,1
Eritrea,2000,Male,9
Estonia,1900,Female,322
Estonia,1900,Male,1631
Estonia,1910,Female,314
Estonia,1910,Male,1223
Estonia,1920,Female,703
Estonia,1920,Male,1643
Estonia,1920,Unknown,1
Estonia,1930,Female,841
Estonia,1930,Male,2119
Estonia,1940,Female,950
Estonia,1940,Male,1891
Estonia,1950,Female,816
Estonia,1950,Male,1726
Estonia,1960,Female,759
Estonia,1960,Male,1725
Estonia,1960,Unknown,1
Estonia,1970,Female,766
Estonia,1970,Male,1391
Estonia,1970,Non-binary or other,1
Estonia,1980,Female,576
Estonia,1980,Male,947
Estonia,1980,Unknown,1
Estonia,1990,Female,327
Estonia,1990,Male,534
Estonia,1990,Non-binary or other,1
Estonia,1990,Unknown,2
Estonia,2000,Female,84
Estonia,2000,Male,153
Estonia,2000,Unknown,3
Estonia,2010,Female,2
Eswatini,1900,Female,2
Eswatini,1900,Male,1
Eswatini,1910,Male,2
Eswatini,1920,Female,2
Eswatini,1920,Male,2
Eswatini,1930,Female,1
Eswatini,1930,Male,2
Eswatini,1940,Female,1
Eswatini,1940,Male,2
Eswatini,1950,Female,4
Eswatini,1950,Male,6
Eswatini,1960,Female,2
Eswatini,1960,Male,7
Eswatini,1970,Male,10
Eswatini,1980,Female,11
Eswatini,1980,Male,38
Eswatini,1990,Female,9
Eswatini,1990,Male,17
Eswatini,2000,Female,7
Eswatini,2000,Male,1
Ethiopia,1900,Female,3
Ethiopia,1900,Male,15
Ethiopia,1910,Female,5
Ethiopia,1910,Male,19
Ethiopia,1920,Female,2
Ethiopia,1920,Male,31
Ethiopia,1930,Female,10
Ethiopia,1930,Male,70
Ethiopia,1930,Unknown,1
Ethiopia,1940,Female,11
Ethiopia,1940,Male,81
Ethiopia,1940,Unknown,4
Ethiopia,1950,Female,15
Ethiopia,1950,Male,63
Ethiopia,1950,Unknown,1
Ethiopia,1960,Female,29
Ethiopia,1960,Male,61
Ethiopia,1960,Unknown,2
Ethiopia,1970,Female,55
Ethiopia,1970,Male,103
Ethiopia,1980,Female,92
Ethiopia,1980,Male,162
Ethiopia,1980,Unknown,1
Ethiopia,1990,Female,79
Ethiopia,1990,Male,137
Ethiopia,2000,Female,16
Ethiopia,2000,Male,24
Falkland Islands,1900,Female,1
Falkland Islands,1900,Male,1
Falkland Islands,1910,Male,3
Falkland Islands,1930,Female,1
Falkland Islands,1930,Male,3
Falkland Islands,1940,Female,2
Falkland Islands,1940,Male,2
Falkland Islands,1950,Female,1
Falkland Islands,1950,Male,4
Falkland Islands,1960,Male,3
Falkland Islands,1970,Male,1
Falkland Islands,1980,Female,2
Falkland Islands,1980,Male,3
Falkland Islands,1990,Female,2
Falkland Islands,1990,Male,1
Faroe Islands,1900,Female,5
Faroe Islands,1900,Male,32
Faroe Islands,1910,Female,2
Faroe Islands,1910,Male,31
Faroe Islands,1910,Unknown,1
Faroe Islands,1920,Female,2
Faroe Islands,1920,Male,41
Faroe Islands,1930,Female,6
Faroe Islands,1930,Male,43
Faroe Islands,1930,Unknown,2
Faroe Islands,1940,Female,12
Faroe Islands,1940,Male,60
Faroe Islands,1940,Unknown,1
Faroe Islands,1950,Female,13
Faroe Islands,1950,Male,61
Faroe Islands,1960,Female,17
Faroe Islands,1960,Male,48
Faroe Islands,1970,Female,15
Faroe Islands,1970,Male,66
Faroe Islands,1970,Unknown,1
Faroe Islands,1980,Female,19
Faroe Islands,1980,Male,73
Faroe Islands,1990,Female,10
Faroe Islands,1990,Male,46
Faroe Islands,2000,Female,7
Faroe Islands,2000,Male,22
Federated States of Micronesia,1930,Female,2
Federated States of Micronesia,1930,Male,10
Federated States of Micronesia,1940,Male,9
Federated States of Micronesia,1950,Female,1
Federated States of Micronesia,1950,Male,9
Federated States of Micronesia,1960,Female,1
Federated States of Micronesia,1960,Male,2
Federated States of Micronesia,1970,Female,1
Federated States of Micronesia,1970,Male,1
Federated States of Micronesia,1980,Female,2
Federated States of Micronesia,1980,Male,8
Federated States of Micronesia,1990,Female,4
Federated States of Micronesia,1990,Male,6
Federated States of Micronesia,1990,Unknown,1
Fiji,1900,Female,2
Fiji,1900,Male,11
Fiji,1910,Female,2
Fiji,1910,Male,12
Fiji,1920,Female,3
Fiji,1920,Male,23
Fiji,1930,Female,4
Fiji,1930,Male,36
Fiji,1940,Female,3
Fiji,1940,Male,31
Fiji,1950,Female,3
Fiji,1950,Male,33
Fiji,1960,Female,3
Fiji,1960,Male,62
Fiji,1970,Female,12
Fiji,1970,Male,100
Fiji,1980,Female,26
Fiji,1980,Male,202
Fiji,1990,Female,17
Fiji,1990,Male,183
Fiji,1990,Unknown,2
Fiji,2000,Female,11
Fiji,2000,Male,18
Fiji,2000,Non-binary or other,1
Finland,1900,Female,224
Finland,1900,Male,958
Finland,1910,Female,232
Finland,1910,Male,916
Finland,1910,Unknown,1
Finland,1920,Female,290
Finland,1920,Male,1101
Finland,1930,Female,328
Finland,1930,Male,1192
Finland,1930,Non-binary or other,1
Finland,1930,Unknown,1
Finland,1940,Female,596
Finland,1940,Male,1701
Finland,1940,Non-binary or other,1
Finland,1940,Unknown,1
Finland,1950,Female,557
Finland,1950,Male,1452
Finland,1960,Female,696
Finland,1960,Male,1636
Finland,1960,Unknown,5
Finland,1970,Female,781
Finland,1970,Male,1701
Finland,1970,Non-binary or other,1
Finland,1970,Unknown,1
Finland,1980,Female,622
Finland,1980,Male,1685
Finland,1980,Non-binary or other,1
Finland,1980,Unknown,4
Finland,1990,Female,457
Finland,1990,Male,1447
Finland,1990,Non-binary or other,6
Finland,1990,Unknown,1
Finland,2000,Female,140
Finland,2000,Male,341
Finland,2010,Male,1
France,1900,Female,1349
France,1900,Male,8587
France,1900,Unknown,50
France,1910,Female,1336
France,1910,Male,7994
France,1910,Unknown,110
France,1920,Female,1987
France,1920,Male,10662
France,1920,Unknown,51
France,1930,Female,1673
France,1930,Male,8275
France,1930,Unknown,23
France,1940,Female,2282
France,1940,Male,10752
France,1940,Unknown,22
France,1950,Female,2824
France,1950,Male,11341
France,1950,Non-binary or other,1
France,1950,Unknown,22
France,1960,Female,3218
France,1960,Male,11286
France,1960,Non-binary or other,3
France,1960,Unknown,17
France,1970,Female,3236
France,1970,Male,9203
France,1970,Non-binary or other,1
France,1970,Unknown,17
France,1980,Female,2877
France,1980,Male,7582
France,1980,Non-binary or other,10
France,1980,Unknown,20
France,1990,Female,2162
France,1990,Male,5344
France,1990,Non-binary or other,7
France,1990,Unknown,8
France,2000,Female,707
France,2000,Male,1690
France,2000,Unknown,2
France,2010,Female,8
France,2010,Male,10
France,2020,Female,1
France,2020,Male,4
Gabon,1900,Female,2
Gabon,1900,Male,4
Gabon,1910,Male,7
Gabon,1920,Male,7
Gabon,1930,Female,2
Gabon,1930,Male,21
Gabon,1930,Unknown,1
Gabon,1940,Female,5
Gabon,1940,Male,25
Gabon,1950,Female,15
Gabon,1950,Male,29
Gabon,1960,Female,9
Gabon,1960,Male,49
Gabon,1970,Female,9
Gabon,1970,Male,65
Gabon,1980,Female,24
Gabon,1980,Male,59
Gabon,1990,Female,13
Gabon,1990,Male,65
Gabon,2000,Female,3
Gabon,2000,Male,24
Georgia,1900,Female,114
Georgia,1900,Male,745
Georgia,1900,Unknown,26
Georgia,1910,Female,102
Georgia,1910,Male,649
Georgia,1910,Unknown,33
Georgia,1920,Female,148
Georgia,1920,Male,799
Georgia,1920,Unknown,61
Georgia,1930,Female,156
Georgia,1930,Male,856
Georgia,1930,Unknown,92
Georgia,1940,Female,127
Georgia,1940,Male,667
Georgia,1940,Non-binary or other,1
Georgia,1940,Unknown,99
Georgia,1950,Female,124
Georgia,1950,Male,753
Georgia,1950,Unknown,120
Georgia,1960,Female,161
Georgia,1960,Male,666
Georgia,1960,Unknown,92
Georgia,1970,Female,175
Georgia,1970,Male,650
Georgia,1970,Unknown,60
Georgia,1980,Female,139
Georgia,1980,Male,617
Georgia,1980,Non-binary or other,1
Georgia,1980,Unknown,17
Georgia,1990,Female,68
Georgia,1990,Male,527
Georgia,1990,Non-binary or other,1
Georgia,1990,Unknown,9
Georgia,2000,Female,12
Georgia,2000,Male,89
Georgia,2000,Unknown,3
Georgia,2010,Female,1
Georgia,2010,Male,1
Germany,1900,Female,2881
Germany,1900,Male,18456
Germany,1900,Non-binary or other,2
Germany,1900,Unknown,106
Germany,1910,Female,2367
Germany,1910,Male,13433
Germany,1910,Unknown,83
Germany,1920,Female,3174
Germany,1920,Male,17311
Germany,1920,Non-binary or other,2
Germany,1920,Unknown,85
Germany,1930,Female,3028
Germany,1930,Male,18805
Germany,1930,Unknown,88
Germany,1940,Female,4622
Germany,1940,Male,20317
Germany,1940,Unknown,66
Germany,1950,Female,6383
Germany,1950,Male,21241
Germany,1950,Non-binary or other,4
Germany,1950,Unknown,71
Germany,1960,Female,8796
Germany,1960,Male,22545
Germany,1960,Non-binary or other,7
Germany,1960,Unknown,94
Germany,1970,Female,7394
Germany,1970,Male,15186
Germany,1970,Non-binary or other,5
Germany,1970,Unknown,80
Germany,1980,Female,6408
Germany,1980,Male,11390
Germany,1980,Non-binary or other,15
Germany,1980,Unknown,86
Germany,1990,Female,3570
Germany,1990,Male,6942
Germany,1990,Non-binary or other,16
Germany,1990,Unknown,24
Germany,2000,Female,1405
Germany,2000,Male,2647
Germany,2000,Non-binary or other,4
Germany,2000,Unknown,4
Germany,2010,Female,23
Germany,2010,Male,28
Germany,2010,Unknown,1
Ghana,1900,Female,8
Ghana,1900,Male,40
Ghana,1910,Female,5
Ghana,1910,Male,72
Ghana,1920,Female,12
Ghana,1920,Male,122
Ghana,1920,Unknown,1
Ghana,1930,Female,11
Ghana,1930,Male,147
Ghana,1940,Female,35
Ghana,1940,Male,195
Ghana,1940,Unknown,2
Ghana,1950,Female,77
Ghana,1950,Male,285
Ghana,1950,Unknown,2
Ghana,1960,Female,59
Ghana,1960,Male,228
Ghana,1970,Female,65
Ghana,1970,Male,345
Ghana,1980,Female,110
Ghana,1980,Male,555
Ghana,1980,Unknown,1
Ghana,1990,Female,104
Ghana,1990,Male,733
Ghana,2000,Female,33
Ghana,2000,Male,231
Ghana,2010,Female,1
Ghana,2020,Male,1
Greece,1900,Female,97
Greece,1900,Male,1063
Greece,1900,Unknown,13
Greece,1910,Female,144
Greece,1910,Male,856
Greece,1910,Unknown,10
Greece,1920,Female,202
Greece,1920,Male,976
Greece,1920,Unknown,11
Greece,1930,Female,283
Greece,1930,Male,1395
Greece,1930,Unknown,10
Greece,1940,Female,333
Greece,1940,Male,1389
Greece,1940,Unknown,25
Greece,1950,Female,374
Greece,1950,Male,1514
Greece,1950,Unknown,21
Greece,1960,Female,416
Greece,1960,Male,1374
Greece,1960,Unknown,14
Greece,1970,Female,560
Greece,1970,Male,1318
Greece,1970,Unknown,8
Greece,1980,Female,551
Greece,1980,Male,1145
Greece,1990,Female,365
Greece,1990,Male,1089
Greece,1990,Unknown,1
Greece,2000,Female,104
Greece,2000,Male,341
Greece,2000,Unknown,1
Greece,2010,Female,3
Greece,2010,Male,3
Greece,2020,Female,2
Greenland,1900,Female,2
Greenland,1900,Male,31
Greenland,1910,Female,7
Greenland,1910,Male,21
Greenland,1920,Female,3
Greenland,1920,Male,30
Greenland,1930,Female,6
Greenland,1930,Male,31
Greenland,1940,Female,7
Greenland,1940,Male,37
Greenland,1950,Female,14
Greenland,1950,Male,37
Greenland,1950,Unknown,1
Greenland,1960,Female,16
Greenland,1960,Male,26
Greenland,1970,Female,22
Greenland,1970,Male,22
Greenland,1980,Female,16
Greenland,1980,Male,15
Greenland,1990,Female,5
Greenland,1990,Male,6
Greenland,2000,Female,2
Greenland,2000,Male,2
Grenada,1900,Male,2
Grenada,1910,Female,1
Grenada,1910,Male,9
Grenada,1920,Female,5
Grenada,1920,Male,12
Grenada,1930,Female,3
Grenada,1930,Male,16
Grenada,1940,Female,3
Grenada,1940,Male,16
Grenada,1950,Female,5
Grenada,1950,Male,17
Grenada,1960,Female,6
Grenada,1960,Male,15
Grenada,1970,Female,5
Grenada,1970,Male,26
Grenada,1980,Female,12
Grenada,1980,Male,38
Grenada,1990,Female,5
Grenada,1990,Male,27
Grenada,2000,Male,1
Grenada,2000,Unknown,1
Guatemala,1900,Female,13
Guatemala,1900,Male,42
Guatemala,1910,Female,11
Guatemala,1910,Male,39
Guatemala,1910,Unknown,1
Guatemala,1920,Female,11
Guatemala,1920,Male,45
Guatemala,1930,Female,13
Guatemala,1930,Male,78
Guatemala,1940,Female,22
Guatemala,1940,Male,101
Guatemala,1950,Female,29
Guatemala,1950,Male,111
Guatemala,1960,Female,40
Guatemala,1960,Male,79
Guatemala,1960,Unknown,1
Guatemala,1970,Female,29
Guatemala,1970,Male,95
Guatemala,1970,Unknown,1
Guatemala,1980,Female,51
Guatemala,1980,Male,148
Guatemala,1990,Female,48
Guatemala,1990,Male,135
Guatemala,1990,Non-binary or other,1
Guatemala,2000,Female,8
Guatemala,2000,Male,30
Guatemala,2000,Unknown,3
Guatemala,2020,Male,1
Guernsey,1900,Male,3
Guernsey,1910,Female,1
Guernsey,1910,Male,2
Guernsey,1920,Female,1
Guernsey,1920,Male,4
Guernsey,1930,Female,1
Guernsey,1930,Male,7
Guernsey,1940,Female,1
Guernsey,1940,Male,7
Guernsey,1950,Female,1
Guernsey,1950,Male,6
Guernsey,1960,Female,3
Guernsey,1960,Male,6
Guernsey,1970,Female,1
Guernsey,1970,Male,6
Guernsey,1980,Female,1
Guernsey,1980,Male,5
Guernsey,1990,Female,5
Guernsey,1990,Male,7
Guernsey,2000,Female,1
Guernsey,2000,Male,3
Guinea,1900,Female,1
Guinea,1900,Male,4
Guinea,1910,Female,1
Guinea,1910,Male,4
Guinea,1910,Unknown,1
Guinea,1920,Female,5
Guinea,1920,Male,29
Guinea,1930,Female,3
Guinea,1930,Male,36
Guinea,1940,Female,7
Guinea,1940,Male,65
Guinea,1950,Female,25
Guinea,1950,Male,71
Guinea,1960,Female,12
Guinea,1960,Male,48
Guinea,1970,Female,12
Guinea,1970,Male,73
Guinea,1970,Unknown,1
Guinea,1980,Female,31
Guinea,1980,Male,144
Guinea,1990,Female,24
Guinea,1990,Male,197
Guinea,2000,Female,9
Guinea,2000,Male,60
Guinea-Bissau,1910,Male,1
Guinea-Bissau,1920,Male,4
Guinea-Bissau,1930,Female,1
Guinea-Bissau,1930,Male,12
Guinea-Bissau,1940,Female,8
Guinea-Bissau,1940,Male,16
Guinea-Bissau,1940,Unknown,1
Guinea-Bissau,1950,Female,8
Guinea-Bissau,1950,Male,34
Guinea-Bissau,1960,Female,6
Guinea-Bissau,1960,Male,25
Guinea-Bissau,1970,Female,6
Guinea-Bissau,1970,Male,23
Guinea-Bissau,1980,Female,6
Guinea-Bissau,1980,Male,42
Guinea-Bissau,1990,Female,3
Guinea-Bissau,1990,Male,109
Guinea-Bissau,2000,Male,33
Guyana,1900,Female,1
Guyana,1900,Male,27
Guyana,1910,Female,3
Guyana,1910,Male,30
Guyana,1920,Female,5
Guyana,1920,Male,38
Guyana,1930,Female,5
Guyana,1930,Male,47
Guyana,1940,Female,11
Guyana,1940,Male,53
Guyana,1940,Unknown,1
Guyana,1950,Female,17
Guyana,1950,Male,64
Guyana,1950,Non-binary or other,1
Guyana,1960,Female,15
Guyana,1960,Male,43
Guyana,1970,Female,8
Guyana,1970,Male,75
Guyana,1970,Unknown,1
Guyana,1980,Female,13
Guyana,1980,Male,66
Guyana,1990,Female,19
Guyana,1990,Male,49
Guyana,2000,Female,8
Guyana,2000,Male,7
Haiti,1900,Female,4
Haiti,1900,Male,37
Haiti,1900,Unknown,2
Haiti,1910,Female,7
Haiti,1910,Male,39
Haiti,1910,Unknown,1
Haiti,1920,Female,9
Haiti,1920,Male,55
Haiti,1920,Non-binary or other,1
Haiti,1920,Unknown,2
Haiti,1930,Female,22
Haiti,1930,Male,85
Haiti,1930,Unknown,2
Haiti,1940,Female,22
Haiti,1940,Male,117
Haiti,1940,Unknown,6
Haiti,1950,Female,31
Haiti,1950,Male,121
Haiti,1950,Unknown,1
Haiti,1960,Female,27
Haiti,1960,Male,99
Haiti,1960,Unknown,2
Haiti,1970,Female,29
Haiti,1970,Male,104
Haiti,1970,Unknown,1
Haiti,1980,Female,38
Haiti,1980,Male,183
Haiti,1980,Unknown,2
Haiti,1990,Female,72
Haiti,1990,Male,132
Haiti,1990,Unknown,2
Haiti,2000,Female,24
Haiti,2000,Male,30
Honduras,1900,Female,7
Honduras,1900,Male,10
Honduras,1910,Female,2
Honduras,1910,Male,10
Honduras,1920,Female,4
Honduras,1920,Male,27
Honduras,1930,Female,4
Honduras,1930,Male,36
Honduras,1940,Female,14
Honduras,1940,Male,68
Honduras,1950,Female,17
Honduras,1950,Male,77
Honduras,1960,Female,25
Honduras,1960,Male,87
Honduras,1970,Female,12
Honduras,1970,Male,133
Honduras,1980,Female,28
Honduras,1980,Male,247
Honduras,1980,Unknown,1
Honduras,1990,Female,20
Honduras,1990,Male,270
Honduras,2000,Female,1
Honduras,2000,Male,33
Honduras,2000,Unknown,4
Hong Kong,1950,Male,1
Hong Kong,1960,Female,1
Hungary,1900,Female,369
Hungary,1900,Male,2417
Hungary,1900,Unknown,4
Hungary,1910,Female,424
Hungary,1910,Male,2270
Hungary,1910,Unknown,2
Hungary,1920,Female,685
Hungary,1920,Male,3543
Hungary,1920,Unknown,2
Hungary,1930,Female,659
Hungary,1930,Male,3339
Hungary,1930,Unknown,5
Hungary,1940,Female,1051
Hungary,1940,Male,3820
Hungary,1940,Unknown,5
Hungary,1950,Female,1087
Hungary,1950,Male,3716
Hungary,1950,Unknown,2
Hungary,1960,Female,893
Hungary,1960,Male,2688
Hungary,1960,Unknown,2
Hungary,1970,Female,1178
Hungary,1970,Male,2676
Hungary,1970,Unknown,4
Hungary,1980,Female,1050
Hungary,1980,Male,1839
Hungary,1980,Non-binary or other,1
Hungary,1980,Unknown,1
Hungary,1990,Female,705
Hungary,1990,Male,1221
Hungary,1990,Unknown,3
Hungary,2000,Female,163
Hungary,2000,Male,293
Hungary,2010,Female,7
Hungary,2010,Male,13
Hungary,2020,Female,1
Iceland,1900,Female,4
Iceland,1900,Male,35
Iceland,1910,Female,8
Iceland,1910,Male,48
Iceland,1920,Female,10
Iceland,1920,Male,84
Iceland,1930,Female,24
Iceland,1930,Male,81
Iceland,1940,Female,32
Iceland,1940,Male,132
Iceland,1940,Unknown,1
Iceland,1950,Female,53
Iceland,1950,Male,150
Iceland,1950,Unknown,3
Iceland,1960,Female,76
Iceland,1960,Male,191
Iceland,1970,Female,91
Iceland,1970,Male,213
Iceland,1970,Unknown,1
Iceland,1980,Female,111
Iceland,1980,Male,232
Iceland,1980,Non-binary or other,1
Iceland,1980,Unknown,2
Iceland,1990,Female,109
Iceland,1990,Male,186
Iceland,1990,Non-binary or other,1
Iceland,2000,Female,36
Iceland,2000,Male,52
India,1900,Female,178
India,1900,Male,1218
India,1900,Unknown,32
India,1910,Female,216
India,1910,Male,1524
India,1910,Unknown,56
India,1920,Female,332
India,1920,Male,2321
India,1920,Unknown,80
India,1930,Female,441
India,1930,Male,2784
India,1930,Unknown,101
India,1940,Female,520
India,1940,Male,2857
India,1940,Unknown,111
India,1950,Female,655
India,1950,Male,3637
India,1950,Non-binary or other,1
India,1950,Unknown,102
India,1960,Female,796
India,1960,Male,3175
India,1960,Non-binary or other,2
India,1960,Unknown,111
India,1970,Female,988
India,1970,Male,2829
India,1970,Non-binary or other,5
India,1970,Unknown,76
India,1980,Female,1534
India,1980,Male,3231
India,1980,Non-binary or other,3
India,1980,Unknown,62
India,1990,Female,1392
India,1990,Male,2493
India,1990,Non-binary or other,8
India,1990,Unknown,49
India,2000,Female,276
India,2000,Male,551
India,2000,Unknown,13
India,2010,Female,8
India,2010,Male,3
India,2010,Unknown,1
India,2020,Female,2
India,2020,Male,1
Indonesia,1900,Female,68
Indonesia,1900,Male,541
Indonesia,1900,Unknown,27
Indonesia,1910,Female,80
Indonesia,1910,Male,655
Indonesia,1910,Unknown,43
Indonesia,1920,Female,143
Indonesia,1920,Male,802
Indonesia,1920,Unknown,86
Indonesia,1930,Female,137
Indonesia,1930,Male,743
Indonesia,1930,Unknown,74
Indonesia,1940,Female,232
Indonesia,1940,Male,1199
Indonesia,1940,Unknown,103
Indonesia,1950,Female,567
Indonesia,1950,Male,2314
Indonesia,1950,Unknown,250
Indonesia,1960,Female,1405
Indonesia,1960,Male,3745
Indonesia,1960,Unknown,392
Indonesia,1970,Female,2046
Indonesia,1970,Male,3311
Indonesia,1970,Unknown,208
Indonesia,1980,Female,1841
Indonesia,1980,Male,2532
Indonesia,1980,Unknown,75
Indonesia,1990,Female,1654
Indonesia,1990,Male,1903
Indonesia,1990,Non-binary or other,1
Indonesia,1990,Unknown,103
Indonesia,2000,Female,513
Indonesia,2000,Male,413
Indonesia,2000,Unknown,19
Indonesia,2010,Female,21
Indonesia,2010,Male,11
Indonesia,2010,Unknown,2
Indonesia,2020,Female,4
Indonesia,2020,Male,3
Iran,1900,Female,37
Iran,1900,Male,337
Iran,1900,Unknown,8
Iran,1910,Female,41
Iran,1910,Male,361
Iran,1910,Unknown,13
Iran,1920,Female,83
Iran,1920,Male,717
Iran,1920,Unknown,16
Iran,1930,Female,127
Iran,1930,Male,998
Iran,1930,Unknown,29
Iran,1940,Female,182
Iran,1940,Male,1318
Iran,1940,Unknown,34
Iran,1950,Female,266
Iran,1950,Male,1737
Iran,1950,Non-binary or other,1
Iran,1950,Unknown,50
Iran,1960,Female,304
Iran,1960,Male,1481
Iran,1960,Unknown,54
Iran,1970,Female,418
Iran,1970,Male,1417
Iran,1970,Unknown,43
Iran,1980,Female,547
Iran,1980,Male,1856
Iran,1980,Unknown,62
Iran,1990,Female,244
Iran,1990,Male,1406
Iran,1990,Non-binary or other,1
Iran,1990,Unknown,50
Iran,2000,Female,102
Iran,2000,Male,485
Iran,2000,Unknown,26
Iran,2010,Female,2
Iran,2010,Male,6
Iran,2010,Unknown,1
Iran,2020,Male,1
Iraq,1900,Female,7
Iraq,1900,Male,176
Iraq,1900,Unknown,3
Iraq,1910,Female,5
Iraq,1910,Male,232
Iraq,1910,Unknown,5
Iraq,1920,Female,28
Iraq,1920,Male,398
Iraq,1920,Unknown,8
Iraq,1930,Female,43
Iraq,1930,Male,544
Iraq,1930,Unknown,8
Iraq,1940,Female,54
Iraq,1940,Male,680
Iraq,1940,Unknown,5
Iraq,1950,Female,73
Iraq,1950,Male,578
Iraq,1950,Unknown,9
Iraq,1960,Female,82
Iraq,1960,Male,475
Iraq,1960,Unknown,12
Iraq,1970,Female,76
Iraq,1970,Male,342
Iraq,1970,Unknown,8
Iraq,1980,Female,66
Iraq,1980,Male,254
Iraq,1980,Unknown,9
Iraq,1990,Female,45
Iraq,1990,Male,233
Iraq,1990,Unknown,7
Iraq,2000,Female,13
Iraq,2000,Male,80
Iraq,2000,Unknown,5
Iraq,2010,Female,1
Ireland,1900,Female,89
Ireland,1900,Male,445
Ireland,1900,Unknown,7
Ireland,1910,Female,90
Ireland,1910,Male,468
Ireland,1910,Unknown,7
Ireland,1920,Female,103
Ireland,1920,Male,604
Ireland,1920,Unknown,12
Ireland,1930,Female,84
Ireland,1930,Male,724
Ireland,1930,Unknown,8
Ireland,1940,Female,118
Ireland,1940,Male,962
Ireland,1940,Unknown,4
Ireland,1950,Female,242
Ireland,1950,Male,930
Ireland,1950,Unknown,6
Ireland,1960,Female,228
Ireland,1960,Male,836
Ireland,1960,Unknown,2
Ireland,1970,Female,277
Ireland,1970,Male,1099
Ireland,1970,Non-binary or other,1
Ireland,1970,Unknown,3
Ireland,1980,Female,318
Ireland,1980,Male,1323
Ireland,1980,Non-binary or other,1
Ireland,1990,Female,226
Ireland,1990,Male,1042
Ireland,1990,Non-binary or other,1
Ireland,2000,Female,80
Ireland,2000,Male,192
Ireland,2000,Non-binary or other,2
Ireland,2010,Male,1
Isle of Man,1900,Female,3
Isle of Man,1900,Male,7
Isle of Man,1910,Female,3
Isle of Man,1910,Male,6
Isle of Man,1920,Female,1
Isle of Man,1920,Male,10
Isle of Man,1930,Male,13
Isle of Man,1940,Female,4
Isle of Man,1940,Male,15
Isle of Man,1950,Female,1
Isle of Man,1950,Male,15
Isle of Man,1960,Female,3
Isle of Man,1960,Male,11
Isle of Man,1960,Unknown,1
Isle of Man,1970,Female,1
Isle of Man,1970,Male,8
Isle of Man,1980,Female,6
Isle of Man,1980,Male,13
Isle of Man,1990,Female,8
Isle of Man,1990,Male,12
Isle of Man,2000,Female,1
Isle of Man,2000,Male,6
Israel,1900,Female,25
Israel,1900,Male,147
Israel,1910,Female,34
Israel,1910,Male,243
Israel,1910,Unknown,4
Israel,1920,Female,148
Israel,1920,Male,724
Israel,1920,Unknown,1
Israel,1930,Female,341
Israel,1930,Male,1550
Israel,1930,Unknown,3
Israel,1940,Female,550
Israel,1940,Male,1802
Israel,1940,Unknown,2
Israel,1950,Female,724
Israel,1950,Male,2201
Israel,1950,Unknown,3
Israel,1960,Female,735
Israel,1960,Male,2002
Israel,1960,Non-binary or other,1
Israel,1960,Unknown,3
Israel,1970,Female,978
Israel,1970,Male,2166
Israel,1970,Non-binary or other,1
Israel,1970,Unknown,10
Israel,1980,Female,789
Israel,1980,Male,1510
Israel,1980,Non-binary or other,1
Israel,1980,Unknown,4
Israel,1990,Female,365
Israel,1990,Male,930
Israel,1990,Unknown,3
Israel,2000,Female,180
Israel,2000,Male,347
Israel,2000,Non-binary or other,3
Israel,2000,Unknown,1
Israel,2010,Male,2
Israel,2020,Male,2
Italy,1900,Female,648
Italy,1900,Male,6793
Italy,1900,Unknown,8
Italy,1910,Female,743
Italy,1910,Male,7181
Italy,1910,Unknown,7
Italy,1920,Female,1172
Italy,1920,Male,10024
Italy,1920,Non-binary or other,1
Italy,1920,Unknown,9
Italy,1930,Female,1231
Italy,1930,Male,9109
Italy,1930,Non-binary or other,1
Italy,1930,Unknown,11
Italy,1940,Female,1839
Italy,1940,Male,10489
Italy,1940,Unknown,6
Italy,1950,Female,2534
Italy,1950,Male,10749
Italy,1950,Unknown,11
Italy,1960,Female,3273
Italy,1960,Male,10841
Italy,1960,Unknown,11
Italy,1970,Female,3426
Italy,1970,Male,8943
Italy,1970,Non-binary or other,2
Italy,1970,Unknown,20
Italy,1980,Female,2778
Italy,1980,Male,6173
Italy,1980,Non-binary or other,2
Italy,1980,Unknown,28
Italy,1990,Female,1961
Italy,1990,Male,4556
Italy,1990,Non-binary or other,5
Italy,1990,Unknown,41
Italy,2000,Female,669
Italy,2000,Male,1402
Italy,2000,Non-binary or other,2
Italy,2000,Unknown,10
Italy,2010,Female,10
Italy,2010,Male,11
Italy,2010,Unknown,1
Ivory Coast,1900,Male,8
Ivory Coast,1910,Female,2
Ivory Coast,1910,Male,14
Ivory Coast,1920,Female,3
Ivory Coast,1920,Male,26
Ivory Coast,1920,Unknown,1
Ivory Coast,1930,Female,7
Ivory Coast,1930,Male,47
Ivory Coast,1930,Unknown,1
Ivory Coast,1940,Female,12
Ivory Coast,1940,Male,68
Ivory Coast,1940,Unknown,3
Ivory Coast,1950,Female,37
Ivory Coast,1950,Male,124
Ivory Coast,1960,Female,44
Ivory Coast,1960,Male,159
Ivory Coast,1960,Unknown,1
Ivory Coast,1970,Female,54
Ivory Coast,1970,Male,200
Ivory Coast,1970,Unknown,2
Ivory Coast,1980,Female,98
Ivory Coast,1980,Male,400
Ivory Coast,1990,Female,76
Ivory Coast,1990,Male,399
Ivory Coast,1990,Unknown,1
Ivory Coast,2000,Female,9
Ivory Coast,2000,Male,129
Ivory Coast,2000,Unknown,1
Jamaica,1900,Female,11
Jamaica,1900,Male,49
Jamaica,1900,Unknown,1
Jamaica,1910,Female,13
Jamaica,1910,Male,54
Jamaica,1920,Female,24
Jamaica,1920,Male,89
Jamaica,1920,Unknown,2
Jamaica,1930,Female,30
Jamaica,1930,Male,153
Jamaica,1930,Unknown,1
Jamaica,1940,Female,61
Jamaica,1940,Male,230
Jamaica,1940,Unknown,4
Jamaica,1950,Female,95
Jamaica,1950,Male,268
Jamaica,1960,Female,70
Jamaica,1960,Male,237
Jamaica,1960,Unknown,1
Jamaica,1970,Female,81
Jamaica,1970,Male,212
Jamaica,1970,Non-binary or other,3
Jamaica,1980,Female,106
Jamaica,1980,Male,328
Jamaica,1980,Non-binary or other,2
Jamaica,1980,Unknown,1
Jamaica,1990,Female,83
Jamaica,1990,Male,279
Jamaica,1990,Unknown,1
Jamaica,2000,Female,18
Jamaica,2000,Male,41
Japan,1900,Female,462
Japan,1900,Male,4099
Japan,1900,Non-binary or other,1
Japan,1900,Unknown,120
Japan,1910,Female,451
Japan,1910,Male,3982
Japan,1910,Unknown,133
Japan,1920,Female,651
Japan,1920,Male,5776
Japan,1920,Unknown,160
Japan,1930,Female,1081
Japan,1930,Male,7877
Japan,1930,Unknown,247
Japan,1940,Female,1499
Japan,1940,Male,9876
Japan,1940,Non-binary or other,1
Japan,1940,Unknown,286
Japan,1950,Female,2322
Japan,1950,Male,10287
Japan,1950,Unknown,341
Japan,1960,Female,3764
Japan,1960,Male,11278
Japan,1960,Non-binary or other,2
Japan,1960,Unknown,417
Japan,1970,Female,6001
Japan,1970,Male,11813
Japan,1970,Non-binary or other,6
Japan,1970,Unknown,425
Japan,1980,Female,9384
Japan,1980,Male,10094
Japan,1980,Non-binary or other,5
Japan,1980,Unknown,345
Japan,1990,Female,5983
Japan,1990,Male,6731
Japan,1990,Non-binary or other,6
Japan,1990,Unknown,314
Japan,2000,Female,1714
Japan,2000,Male,2269
Japan,2000,Non-binary or other,1
Japan,2000,Unknown,149
Japan,2010,Female,42
Japan,2010,Male,25
Japan,2010,Unknown,6
Japan,2020,Male,1
Japan,2100,Female,1
Jordan,1900,Male,11
Jordan,1910,Male,28
Jordan,1920,Male,43
Jordan,1930,Female,5
Jordan,1930,Male,82
Jordan,1940,Female,18
Jordan,1940,Male,86
Jordan,1950,Female,25
Jordan,1950,Male,101
Jordan,1960,Female,28
Jordan,1960,Male,108
Jordan,1960,Unknown,1
Jordan,1970,Female,33
Jordan,1970,Male,103
Jordan,1980,Female,41
Jordan,1980,Male,162
Jordan,1980,Unknown,1
Jordan,1990,Female,50
Jordan,1990,Male,127
Jordan,2000,Female,17
Jordan,2000,Male,22
Jordan,2000,Unknown,2
Jordan,2020,Female,1
Kazakhstan,1900,Female,29
Kazakhstan,1900,Male,313
Kazakhstan,1900,Unknown,13
Kazakhstan,1910,Female,59
Kazakhstan,1910,Male,476
Kazakhstan,1910,Unknown,9
Kazakhstan,1920,Female,107
Kazakhstan,1920,Male,749
Kazakhstan,1920,Unknown,25
Kazakhstan,1930,Female,105
Kazakhstan,1930,Male,722
Kazakhstan,1930,Unknown,57
Kazakhstan,1940,Female,184
Kazakhstan,1940,Male,924
Kazakhstan,1940,Unknown,72
Kazakhstan,1950,Female,225
Kazakhstan,1950,Male,1006
Kazakhstan,1950,Unknown,80
Kazakhstan,1960,Female,192
Kazakhstan,1960,Male,871
Kazakhstan,1960,Unknown,53
Kazakhstan,1970,Female,220
Kazakhstan,1970,Male,747
Kazakhstan,1970,Unknown,49
Kazakhstan,1980,Female,289
Kazakhstan,1980,Male,772
Kazakhstan,1980,Unknown,33
Kazakhstan,1990,Female,208
Kazakhstan,1990,Male,650
Kazakhstan,1990,Unknown,29
Kazakhstan,2000,Female,42
Kazakhstan,2000,Male,232
Kazakhstan,2000,Unknown,6
Kazakhstan,2010,Female,1
Kazakhstan,2010,Male,2
Kenya,1900,Female,3
Kenya,1900,Male,12
Kenya,1910,Male,21
Kenya,1910,Unknown,1
Kenya,1920,Female,12
Kenya,1920,Male,53
Kenya,1920,Non-binary or other,1
Kenya,1930,Female,20
Kenya,1930,Male,88
Kenya,1930,Unknown,2
Kenya,1940,Female,26
Kenya,1940,Male,116
Kenya,1950,Female,55
Kenya,1950,Male,136
Kenya,1960,Female,90
Kenya,1960,Male,186
Kenya,1970,Female,120
Kenya,1970,Male,226
Kenya,1970,Unknown,3
Kenya,1980,Female,223
Kenya,1980,Male,331
Kenya,1990,Female,156
Kenya,1990,Male,252
Kenya,1990,Non-binary or other,3
Kenya,1990,Unknown,1
Kenya,2000,Female,23
Kenya,2000,Male,51
Kingdom of the Netherlands,1900,Female,5
Kingdom of the Netherlands,1900,Male,25
Kingdom of the Netherlands,1910,Female,7
Kingdom of the Netherlands,1910,Male,45
Kingdom of the Netherlands,1910,Unknown,1
Kingdom of the Netherlands,1920,Female,15
Kingdom of the Netherlands,1920,Male,37
Kingdom of the Netherlands,1930,Female,15
Kingdom of the Netherlands,1930,Male,59
Kingdom of the Netherlands,1930,Unknown,5
Kingdom of the Netherlands,1940,Female,24
Kingdom of the Netherlands,1940,Male,78
Kingdom of the Netherlands,1940,Unknown,2
Kingdom of the Netherlands,1950,Female,39
Kingdom of the Netherlands,1950,Male,109
Kingdom of the Netherlands,1950,Unknown,3
Kingdom of the Netherlands,1960,Female,48
Kingdom of the Netherlands,1960,Male,69
Kingdom of the Netherlands,1960,Unknown,2
Kingdom of the Netherlands,1970,Female,43
Kingdom of the Netherlands,1970,Male,77
Kingdom of the Netherlands,1970,Unknown,2
Kingdom of the Netherlands,1980,Female,49
Kingdom of the Netherlands,1980,Male,74
Kingdom of the Netherlands,1980,Unknown,1
Kingdom of the Netherlands,1990,Female,55
Kingdom of the Netherlands,1990,Male,104
Kingdom of the Netherlands,1990,Non-binary or other,1
Kingdom of the Netherlands,2000,Female,25
Kingdom of the Netherlands,2000,Male,37
Kingdom of the Netherlands,2000,Unknown,1
Kiribati,1900,Male,1
Kiribati,1910,Female,1
Kiribati,1910,Male,1
Kiribati,1920,Male,2
Kiribati,1930,Male,5
Kiribati,1940,Male,2
Kiribati,1950,Female,1
Kiribati,1950,Male,6
Kiribati,1960,Male,7
Kiribati,1970,Female,1
Kiribati,1970,Male,5
Kiribati,1980,Female,1
Kiribati,1980,Male,12
Kiribati,1990,Female,4
Kiribati,1990,Male,6
Kiribati,2000,Male,2
Kosovo,1900,Male,29
Kosovo,1900,Unknown,2
Kosovo,1910,Female,1
Kosovo,1910,Male,34
Kosovo,1910,Unknown,1
Kosovo,1920,Female,15
Kosovo,1920,Male,42
Kosovo,1920,Unknown,3
Kosovo,1930,Female,12
Kosovo,1930,Male,102
Kosovo,1930,Unknown,10
Kosovo,1940,Female,7
Kosovo,1940,Male,95
Kosovo,1940,Unknown,9
Kosovo,1950,Female,18
Kosovo,1950,Male,112
Kosovo,1950,Unknown,7
Kosovo,1960,Female,26
Kosovo,1960,Male,139
Kosovo,1960,Unknown,10
Kosovo,1970,Female,43
Kosovo,1970,Male,160
Kosovo,1970,Unknown,15
Kosovo,1980,Female,77
Kosovo,1980,Male,227
Kosovo,1980,Unknown,5
Kosovo,1990,Female,68
Kosovo,1990,Male,224
Kosovo,1990,Unknown,6
Kosovo,2000,Female,10
Kosovo,2000,Male,31
Kosovo,2000,Unknown,3
Kuwait,1900,Female,2
Kuwait,1900,Male,11
Kuwait,1910,Male,5
Kuwait,1920,Male,30
Kuwait,1930,Female,2
Kuwait,1930,Male,50
Kuwait,1940,Female,14
Kuwait,1940,Male,79
Kuwait,1950,Female,9
Kuwait,1950,Male,89
Kuwait,1960,Female,24
Kuwait,1960,Male,89
Kuwait,1970,Female,32
Kuwait,1970,Male,123
Kuwait,1980,Female,36
Kuwait,1980,Male,157
Kuwait,1990,Female,9
Kuwait,1990,Male,55
Kuwait,2000,Female,4
Kuwait,2000,Male,11
Kyrgyzstan,1900,Female,9
Kyrgyzstan,1900,Male,79
Kyrgyzstan,1910,Female,25
Kyrgyzstan,1910,Male,93
Kyrgyzstan,1910,Unknown,1
Kyrgyzstan,1920,Female,30
Kyrgyzstan,1920,Male,126
Kyrgyzstan,1920,Unknown,2
Kyrgyzstan,1930,Female,31
Kyrgyzstan,1930,Male,163
Kyrgyzstan,1930,Unknown,7
Kyrgyzstan,1940,Female,47
Kyrgyzstan,1940,Male,175
Kyrgyzstan,1940,Unknown,10
Kyrgyzstan,1950,Female,32
Kyrgyzstan,1950,Male,197
Kyrgyzstan,1950,Unknown,6
Kyrgyzstan,1960,Female,39
Kyrgyzstan,1960,Male,181
Kyrgyzstan,1960,Unknown,6
Kyrgyzstan,1970,Female,38
Kyrgyzstan,1970,Male,149
Kyrgyzstan,1970,Unknown,9
Kyrgyzstan,1980,Female,45
Kyrgyzstan,1980,Male,131
Kyrgyzstan,1980,Unknown,7
Kyrgyzstan,1990,Female,37
Kyrgyzstan,1990,Male,116
Kyrgyzstan,1990,Unknown,4
Kyrgyzstan,2000,Female,10
Kyrgyzstan,2000,Male,26
Kyrgyzstan,2000,Unknown,1
Laos,1900,Female,2
Laos,1900,Male,15
Laos,1910,Female,3
Laos,1910,Male,19
Laos,1920,Female,1
Laos,1920,Male,30
Laos,1930,Female,4
Laos,1930,Male,41
Laos,1940,Female,8
Laos,1940,Male,32
Laos,1950,Female,2
Laos,1950,Male,20
Laos,1960,Female,6
Laos,1960,Male,12
Laos,1970,Female,17
Laos,1970,Male,10
Laos,1980,Female,6
Laos,1980,Male,18
Laos,1980,Unknown,1
Laos,1990,Female,9
Laos,1990,Male,64
Laos,2000,Female,2
Laos,2000,Male,11
Latvia,1900,Female,127
Latvia,1900,Male,729
Latvia,1900,Unknown,5
Latvia,1910,Female,102
Latvia,1910,Male,421
Latvia,1910,Unknown,4
Latvia,1920,Female,128
Latvia,1920,Male,385
Latvia,1920,Unknown,2
Latvia,1930,Female,127
Latvia,1930,Male,491
Latvia,1930,Unknown,1
Latvia,1940,Female,145
Latvia,1940,Male,395
Latvia,1940,Unknown,3
Latvia,1950,Female,164
Latvia,1950,Male,407
Latvia,1960,Female,141
Latvia,1960,Male,409
Latvia,1960,Unknown,3
Latvia,1970,Female,190
Latvia,1970,Male,455
Latvia,1970,Unknown,1
Latvia,1980,Female,228
Latvia,1980,Male,610
Latvia,1980,Non-binary or other,1
Latvia,1990,Female,162
Latvia,1990,Male,472
Latvia,1990,Unknown,1
Latvia,2000,Female,44
Latvia,2000,Male,95
Latvia,2010,Male,1
Lebanon,1900,Female,22
Lebanon,1900,Male,96
Lebanon,1910,Female,19
Lebanon,1910,Male,110
Lebanon,1910,Unknown,1
Lebanon,1920,Female,16
Lebanon,1920,Male,190
Lebanon,1920,Unknown,1
Lebanon,1930,Female,50
Lebanon,1930,Male,284
Lebanon,1930,Unknown,3
Lebanon,1940,Female,63
Lebanon,1940,Male,342
Lebanon,1940,Unknown,6
Lebanon,1950,Female,82
Lebanon,1950,Male,332
Lebanon,1950,Unknown,5
Lebanon,1960,Female,128
Lebanon,1960,Male,384
Lebanon,1960,Unknown,6
Lebanon,1970,Female,173
Lebanon,1970,Male,283
Lebanon,1980,Female,145
Lebanon,1980,Male,254
Lebanon,1980,Non-binary or other,1
Lebanon,1980,Unknown,1
Lebanon,1990,Female,70
Lebanon,1990,Male,99
Lebanon,1990,Unknown,1
Lebanon,2000,Female,47
Lebanon,2000,Male,32
Lebanon,2010,Female,1
Lebanon,2010,Male,1
Lesotho,1900,Male,5
Lesotho,1900,Unknown,1
Lesotho,1910,Female,1
Lesotho,1910,Male,9
Lesotho,1920,Female,2
Lesotho,1920,Male,4
Lesotho,1930,Female,2
Lesotho,1930,Male,7
Lesotho,1940,Female,3
Lesotho,1940,Male,2
Lesotho,1950,Female,5
Lesotho,1950,Male,9
Lesotho,1960,Female,7
Lesotho,1960,Male,13
Lesotho,1970,Female,4
Lesotho,1970,Male,17
Lesotho,1980,Female,8
Lesotho,1980,Male,44
Lesotho,1990,Female,6
Lesotho,1990,Male,20
Lesotho,2000,Female,3
Lesotho,2000,Male,3
Liberia,1900,Female,2
Liberia,1900,Male,5
Liberia,1910,Female,3
Liberia,1910,Male,6
Liberia,1920,Female,2
Liberia,1920,Male,7
Liberia,1930,Female,5
Liberia,1930,Male,17
Liberia,1940,Female,4
Liberia,1940,Male,15
Liberia,1950,Female,6
Liberia,1950,Male,16
Liberia,1960,Female,7
Liberia,1960,Male,27
Liberia,1970,Female,8
Liberia,1970,Male,67
Liberia,1980,Female,14
Liberia,1980,Male,116
Liberia,1990,Female,5
Liberia,1990,Male,103
Liberia,2000,Female,2
Liberia,2000,Male,25
Libya,1900,Male,30
Libya,1910,Female,4
Libya,1910,Male,30
Libya,1920,Female,3
Libya,1920,Male,47
Libya,1930,Female,5
Libya,1930,Male,80
Libya,1940,Female,8
Libya,1940,Male,103
Libya,1950,Female,19
Libya,1950,Male,83
Libya,1950,Unknown,1
Libya,1960,Female,11
Libya,1960,Male,62
Libya,1970,Female,12
Libya,1970,Male,75
Libya,1970,Unknown,1
Libya,1980,Female,17
Libya,1980,Male,75
Libya,1990,Female,6
Libya,1990,Male,45
Libya,2000,Female,2
Libya,2000,Male,18
Liechtenstein,1900,Female,1
Liechtenstein,1900,Male,20
Liechtenstein,1910,Female,1
Liechtenstein,1910,Male,18
Liechtenstein,1920,Female,1
Liechtenstein,1920,Male,17
Liechtenstein,1930,Female,4
Liechtenstein,1930,Male,13
Liechtenstein,1940,Female,4
Liechtenstein,1940,Male,36
Liechtenstein,1950,Female,9
Liechtenstein,1950,Male,41
Liechtenstein,1950,Unknown,1
Liechtenstein,1960,Female,10
Liechtenstein,1960,Male,33
Liechtenstein,1960,Unknown,1
Liechtenstein,1970,Female,6
Liechtenstein,1970,Male,19
Liechtenstein,1980,Female,6
Liechtenstein,1980,Male,28
Liechtenstein,1980,Unknown,1
Liechtenstein,1990,Female,8
Liechtenstein,1990,Male,44
Liechtenstein,2000,Female,4
Liechtenstein,2000,Male,15
Lithuania,1900,Female,106
Lithuania,1900,Male,823
Lithuania,1900,Unknown,11
Lithuania,1910,Female,89
Lithuania,1910,Male,574
Lithuania,1910,Unknown,11
Lithuania,1920,Female,246
Lithuania,1920,Male,986
Lithuania,1920,Unknown,22
Lithuania,1930,Female,278
Lithuania,1930,Male,1243
Lithuania,1930,Unknown,32
Lithuania,1940,Female,293
Lithuania,1940,Male,981
Lithuania,1940,Unknown,27
Lithuania,1950,Female,322
Lithuania,1950,Male,1040
Lithuania,1950,Unknown,27
Lithuania,1960,Female,240
Lithuania,1960,Male,788
Lithuania,1960,Unknown,24
Lithuania,1970,Female,222
Lithuania,1970,Male,616
Lithuania,1970,Unknown,27
Lithuania,1980,Female,233
Lithuania,1980,Male,558
Lithuania,1980,Unknown,18
Lithuania,1990,Female,137
Lithuania,1990,Male,382
Lithuania,1990,Unknown,4
Lithuania,2000,Female,33
Lithuania,2000,Male,97
Lithuania,2010,Male,1
Luxembourg,1900,Female,24
Luxembourg,1900,Male,219
Luxembourg,1910,Female,17
Luxembourg,1910,Male,212
Luxembourg,1920,Female,32
Luxembourg,1920,Male,263
Luxembourg,1930,Female,37
Luxembourg,1930,Male,222
Luxembourg,1940,Female,32
Luxembourg,1940,Male,222
Luxembourg,1950,Female,83
Luxembourg,1950,Male,283
Luxembourg,1960,Female,84
Luxembourg,1960,Male,197
Luxembourg,1960,Unknown,1
Luxembourg,1970,Female,62
Luxembourg,1970,Male,167
Luxembourg,1970,Unknown,1
Luxembourg,1980,Female,105
Luxembourg,1980,Male,161
Luxembourg,1980,Unknown,1
Luxembourg,1990,Female,52
Luxembourg,1990,Male,142
Luxembourg,1990,Non-binary or other,1
Luxembourg,2000,Female,22
Luxembourg,2000,Male,31
Luxembourg,2010,Female,2
Luxembourg,2020,Male,3
Madagascar,1900,Female,6
Madagascar,1900,Male,28
Madagascar,1910,Female,2
Madagascar,1910,Male,38
Madagascar,1910,Unknown,2
Madagascar,1920,Female,6
Madagascar,1920,Male,32
Madagascar,1930,Female,15
Madagascar,1930,Male,29
Madagascar,1940,Female,5
Madagascar,1940,Male,38
Madagascar,1940,Unknown,1
Madagascar,1950,Female,19
Madagascar,1950,Male,63
Madagascar,1960,Female,12
Madagascar,1960,Male,56
Madagascar,1970,Female,23
Madagascar,1970,Male,44
Madagascar,1980,Female,16
Madagascar,1980,Male,60
Madagascar,1990,Female,18
Madagascar,1990,Male,38
Madagascar,2000,Female,3
Madagascar,2000,Male,5
Malawi,1900,Female,1
Malawi,1900,Male,6
Malawi,1900,Unknown,1
Malawi,1910,Female,1
Malawi,1910,Male,1
Malawi,1920,Female,3
Malawi,1920,Male,9
Malawi,1930,Female,5
Malawi,1930,Male,13
Malawi,1940,Female,7
Malawi,1940,Male,12
Malawi,1950,Female,11
Malawi,1950,Male,19
Malawi,1960,Female,7
Malawi,1960,Male,14
Malawi,1970,Female,9
Malawi,1970,Male,27
Malawi,1980,Female,15
Malawi,1980,Male,45
Malawi,1990,Female,24
Malawi,1990,Male,46
Malawi,2000,Female,3
Malawi,2000,Male,13
Malaysia,1900,Female,6
Malaysia,1900,Male,33
Malaysia,1900,Unknown,1
Malaysia,1910,Female,12
Malaysia,1910,Male,75
Malaysia,1910,Unknown,6
Malaysia,1920,Female,25
Malaysia,1920,Male,166
Malaysia,1920,Unknown,6
Malaysia,1930,Female,30
Malaysia,1930,Male,189
Malaysia,1930,Unknown,13
Malaysia,1940,Female,55
Malaysia,1940,Male,310
Malaysia,1940,Unknown,21
Malaysia,1950,Female,94
Malaysia,1950,Male,435
Malaysia,1950,Unknown,16
Malaysia,1960,Female,128
Malaysia,1960,Male,466
Malaysia,1960,Unknown,34
Malaysia,1970,Female,206
Malaysia,1970,Male,495
Malaysia,1970,Unknown,36
Malaysia,1980,Female,335
Malaysia,1980,Male,751
Malaysia,1980,Unknown,45
Malaysia,1990,Female,300
Malaysia,1990,Male,744
Malaysia,1990,Unknown,39
Malaysia,2000,Female,68
Malaysia,2000,Male,95
Malaysia,2000,Unknown,16
Malaysia,2010,Female,6
Malaysia,2010,Male,7
Malaysia,2020,Male,1
Maldives,1900,Male,2
Maldives,1910,Female,1
Maldives,1910,Male,3
Maldives,1920,Female,1
Maldives,1920,Male,3
Maldives,1930,Female,1
Maldives,1930,Male,5
Maldives,1940,Female,2
Maldives,1940,Male,6
Maldives,1950,Female,3
Maldives,1950,Male,9
Maldives,1960,Female,5
Maldives,1960,Male,27
Maldives,1970,Female,12
Maldives,1970,Male,35
Maldives,1980,Female,14
Maldives,1980,Male,54
Maldives,1980,Non-binary or other,1
Maldives,1980,Unknown,2
Maldives,1990,Female,9
Maldives,1990,Male,38
Maldives,2000,Female,1
Maldives,2000,Male,5
Mali,1900,Male,8
Mali,1910,Female,3
Mali,1910,Male,10
Mali,1920,Female,4
Mali,1920,Male,24
Mali,1930,Female,10
Mali,1930,Male,34
Mali,1940,Female,25
Mali,1940,Male,74
Mali,1950,Female,58
Mali,1950,Male,112
Mali,1960,Female,32
Mali,1960,Male,62
Mali,1960,Unknown,1
Mali,1970,Female,21
Mali,1970,Male,78
Mali,1980,Female,31
Mali,1980,Male,125
Mali,1990,Female,34
Mali,1990,Male,187
Mali,2000,Female,16
Mali,2000,Male,84
Malta,1900,Female,6
Malta,1900,Male,33
Malta,1910,Female,8
Malta,1910,Male,45
Malta,1920,Female,7
Malta,1920,Male,88
Malta,1930,Female,9
Malta,1930,Male,86
Malta,1940,Female,14
Malta,1940,Male,100
Malta,1950,Female,22
Malta,1950,Male,108
Malta,1960,Female,8
Malta,1960,Male,100
Malta,1970,Female,19
Malta,1970,Male,85
Malta,1970,Non-binary or other,2
Malta,1980,Female,26
Malta,1980,Male,78
Malta,1990,Female,35
Malta,1990,Male,60
Malta,1990,Non-binary or other,1
Malta,2000,Female,16
Malta,2000,Male,8
Marshall Islands,1910,Male,1
Marshall Islands,1920,Female,1
Marshall Islands,1920,Male,1
Marshall Islands,1930,Male,2
Marshall Islands,1940,Female,1
Marshall Islands,1940,Male,6
Marshall Islands,1950,Female,2
Marshall Islands,1950,Male,5
Marshall Islands,1960,Male,1
Marshall Islands,1970,Female,1
Marshall Islands,1970,Male,7
Marshall Islands,1980,Female,1
Marshall Islands,1980,Male,1
Marshall Islands,1990,Female,2
Marshall Islands,1990,Male,1
Mauritania,1900,Male,3
Mauritania,1910,Male,5
Mauritania,1920,Male,7
Mauritania,1930,Female,2
Mauritania,1930,Male,7
Mauritania,1940,Male,18
Mauritania,1950,Female,10
Mauritania,1950,Male,39
Mauritania,1960,Female,8
Mauritania,1960,Male,42
Mauritania,1970,Female,4
Mauritania,1970,Male,24
Mauritania,1980,Female,4
Mauritania,1980,Male,27
Mauritania,1990,Female,3
Mauritania,1990,Male,44
Mauritania,2000,Male,5
Mauritania,2010,Male,1
Mauritius,1900,Female,4
Mauritius,1900,Male,20
Mauritius,1910,Female,3
Mauritius,1910,Male,30
Mauritius,1910,Unknown,1
Mauritius,1920,Female,1
Mauritius,1920,Male,12
Mauritius,1930,Female,3
Mauritius,1930,Male,19
Mauritius,1940,Female,5
Mauritius,1940,Male,29
Mauritius,1950,Female,5
Mauritius,1950,Male,31
Mauritius,1960,Female,5
Mauritius,1960,Male,20
Mauritius,1970,Female,10
Mauritius,1970,Male,51
Mauritius,1980,Female,22
Mauritius,1980,Male,64
Mauritius,1980,Non-binary or other,2
Mauritius,1980,Unknown,1
Mauritius,1990,Female,24
Mauritius,1990,Male,27
Mauritius,1990,Unknown,2
Mauritius,2000,Female,6
Mauritius,2000,Male,3
Mexico,1900,Female,232
Mexico,1900,Male,815
Mexico,1910,Female,145
Mexico,1910,Male,674
Mexico,1920,Female,215
Mexico,1920,Male,778
Mexico,1920,Unknown,1
Mexico,1930,Female,274
Mexico,1930,Male,937
Mexico,1930,Unknown,3
Mexico,1940,Female,441
Mexico,1940,Male,1479
Mexico,1940,Unknown,1
Mexico,1950,Female,756
Mexico,1950,Male,1969
Mexico,1950,Unknown,4
Mexico,1960,Female,834
Mexico,1960,Male,2061
Mexico,1960,Unknown,4
Mexico,1970,Female,973
Mexico,1970,Male,2103
Mexico,1970,Non-binary or other,3
Mexico,1970,Unknown,4
Mexico,1980,Female,928
Mexico,1980,Male,1940
Mexico,1980,Non-binary or other,6
Mexico,1980,Unknown,12
Mexico,1990,Female,690
Mexico,1990,Male,1653
Mexico,1990,Non-binary or other,11
Mexico,1990,Unknown,30
Mexico,2000,Female,205
Mexico,2000,Male,461
Mexico,2000,Non-binary or other,1
Mexico,2000,Unknown,17
Mexico,2010,Female,11
Mexico,2010,Male,9
Mexico,2020,Male,1
Moldova,1900,Female,37
Moldova,1900,Male,191
Moldova,1910,Female,43
Moldova,1910,Male,186
Moldova,1920,Female,45
Moldova,1920,Male,227
Moldova,1930,Female,53
Moldova,1930,Male,263
Moldova,1930,Unknown,3
Moldova,1940,Female,55
Moldova,1940,Male,264
Moldova,1950,Female,72
Moldova,1950,Male,279
Moldova,1950,Unknown,2
Moldova,1960,Female,71
Moldova,1960,Male,265
Moldova,1970,Female,92
Moldova,1970,Male,315
Moldova,1970,Unknown,1
Moldova,1980,Female,111
Moldova,1980,Male,333
Moldova,1990,Female,69
Moldova,1990,Male,273
Moldova,1990,Unknown,1
Moldova,2000,Female,23
Moldova,2000,Male,54
Monaco,1900,Female,4
Monaco,1900,Male,18
Monaco,1910,Female,4
Monaco,1910,Male,19
Monaco,1920,Female,5
Monaco,1920,Male,28
Monaco,1930,Female,3
Monaco,1930,Male,18
Monaco,1940,Female,6
Monaco,1940,Male,23
Monaco,1950,Female,6
Monaco,1950,Male,27
Monaco,1960,Female,9
Monaco,1960,Male,33
Monaco,1960,Unknown,1
Monaco,1970,Female,10
Monaco,1970,Male,20
Monaco,1980,Female,8
Monaco,1980,Male,27
Monaco,1990,Female,8
Monaco,1990,Male,20
Monaco,2000,Female,3
Monaco,2000,Male,7
Monaco,2010,Female,1
Monaco,2010,Male,2
Monaco,2020,Female,1
Mongolia,1900,Female,1
Mongolia,1900,Male,21
Mongolia,1900,Unknown,5
Mongolia,1910,Female,2
Mongolia,1910,Male,28
Mongolia,1910,Unknown,8
Mongolia,1920,Female,2
Mongolia,1920,Male,30
Mongolia,1920,Unknown,12
Mongolia,1930,Female,6
Mongolia,1930,Male,45
Mongolia,1930,Unknown,21
Mongolia,1940,Female,10
Mongolia,1940,Male,77
Mongolia,1940,Unknown,28
Mongolia,1950,Female,10
Mongolia,1950,Male,83
Mongolia,1950,Unknown,46
Mongolia,1960,Female,10
Mongolia,1960,Male,59
Mongolia,1960,Unknown,23
Mongolia,1970,Female,28
Mongolia,1970,Male,81
Mongolia,1970,Unknown,25
Mongolia,1980,Female,41
Mongolia,1980,Male,109
Mongolia,1980,Unknown,24
Mongolia,1990,Female,53
Mongolia,1990,Male,88
Mongolia,1990,Unknown,7
Mongolia,2000,Female,15
Mongolia,2000,Male,13
Mongolia,2000,Unknown,2
Mongolia,2010,Male,1
Montenegro,1900,Female,2
Montenegro,1900,Male,91
Montenegro,1900,Unknown,11
Montenegro,1910,Female,9
Montenegro,1910,Male,237
Montenegro,1910,Unknown,23
Montenegro,1920,Female,12
Montenegro,1920,Male,101
Montenegro,1920,Unknown,15
Montenegro,1930,Female,7
Montenegro,1930,Male,119
Montenegro,1930,Non-binary or other,1
Montenegro,1930,Unknown,20
Montenegro,1940,Female,14
Montenegro,1940,Male,94
Montenegro,1940,Unknown,11
Montenegro,1950,Female,12
Montenegro,1950,Male,168
Montenegro,1950,Unknown,10
Montenegro,1960,Female,16
Montenegro,1960,Male,145
Montenegro,1960,Unknown,13
Montenegro,1970,Female,31
Montenegro,1970,Male,177
Montenegro,1970,Unknown,8
Montenegro,1980,Female,74
Montenegro,1980,Male,303
Montenegro,1980,Unknown,5
Montenegro,1990,Female,80
Montenegro,1990,Male,279
Montenegro,1990,Unknown,4
Montenegro,2000,Female,28
Montenegro,2000,Male,52
Montenegro,2000,Unknown,2
Montserrat,1930,Male,2
Montserrat,1940,Male,1
Montserrat,1950,Female,1
Montserrat,1950,Male,1
Montserrat,1970,Male,3
Montserrat,1980,Male,5
Montserrat,1990,Female,2
Montserrat,1990,Male,3
Morocco,1900,Female,3
Morocco,1900,Male,59
Morocco,1910,Female,5
Morocco,1910,Male,107
Morocco,1910,Unknown,1
Morocco,1920,Female,20
Morocco,1920,Male,249
Morocco,1920,Unknown,2
Morocco,1930,Female,55
Morocco,1930,Male,470
Morocco,1930,Unknown,5
Morocco,1940,Female,100
Morocco,1940,Male,728
Morocco,1940,Unknown,2
Morocco,1950,Female,205
Morocco,1950,Male,787
Morocco,1950,Unknown,2
Morocco,1960,Female,191
Morocco,1960,Male,560
Morocco,1960,Unknown,3
Morocco,1970,Female,165
Morocco,1970,Male,483
Morocco,1970,Unknown,3
Morocco,1980,Female,156
Morocco,1980,Male,525
Morocco,1980,Unknown,1
Morocco,1990,Female,124
Morocco,1990,Male,502
Morocco,1990,Unknown,14
Morocco,2000,Female,29
Morocco,2000,Male,96
Morocco,2000,Unknown,11
Morocco,2010,Male,2
Morocco,2020,Male,1
Mozambique,1900,Male,5
Mozambique,1910,Female,1
Mozambique,1910,Male,14
Mozambique,1920,Female,5
Mozambique,1920,Male,38
Mozambique,1930,Female,8
Mozambique,1930,Male,53
Mozambique,1940,Female,11
Mozambique,1940,Male,61
Mozambique,1950,Female,21
Mozambique,1950,Male,76
Mozambique,1960,Female,36
Mozambique,1960,Male,94
Mozambique,1970,Female,40
Mozambique,1970,Male,94
Mozambique,1980,Female,34
Mozambique,1980,Male,58
Mozambique,1990,Female,29
Mozambique,1990,Male,48
Mozambique,2000,Female,2
Mozambique,2000,Male,6
Myanmar,1900,Female,14
Myanmar,1900,Male,33
Myanmar,1900,Unknown,6
Myanmar,1910,Female,15
Myanmar,1910,Male,65
Myanmar,1910,Unknown,8
Myanmar,1920,Female,23
Myanmar,1920,Male,98
Myanmar,1920,Unknown,7
Myanmar,1930,Female,12
Myanmar,1930,Male,74
Myanmar,1930,Unknown,9
Myanmar,1940,Female,24
Myanmar,1940,Male,137
Myanmar,1940,Unknown,15
Myanmar,1950,Female,31
Myanmar,1950,Male,150
Myanmar,1950,Unknown,17
Myanmar,1960,Female,26
Myanmar,1960,Male,134
Myanmar,1960,Unknown,20
Myanmar,1970,Female,30
Myanmar,1970,Male,69
Myanmar,1970,Unknown,5
Myanmar,1980,Female,73
Myanmar,1980,Male,105
Myanmar,1980,Unknown,6
Myanmar,1990,Female,98
Myanmar,1990,Male,168
Myanmar,1990,Unknown,2
Myanmar,2000,Female,15
Myanmar,2000,Male,15
Namibia,1900,Female,1
Namibia,1900,Male,4
Namibia,1910,Female,2
Namibia,1910,Male,21
Namibia,1920,Female,7
Namibia,1920,Male,13
Namibia,1930,Female,3
Namibia,1930,Male,34
Namibia,1940,Female,10
Namibia,1940,Male,33
Namibia,1940,Unknown,1
Namibia,1950,Female,24
Namibia,1950,Male,58
Namibia,1960,Female,19
Namibia,1960,Male,56
Namibia,1960,Unknown,1
Namibia,1970,Female,22
Namibia,1970,Male,89
Namibia,1980,Female,34
Namibia,1980,Male,158
Namibia,1990,Female,42
Namibia,1990,Male,125
Namibia,1990,Unknown,1
Namibia,2000,Female,8
Namibia,2000,Male,22
Namibia,2000,Non-binary or other,2
Namibia,2010,Male,1
Nauru,1900,Male,3
Nauru,1920,Female,1
Nauru,1920,Male,3
Nauru,1930,Male,2
Nauru,1940,Female,1
Nauru,1940,Male,11
Nauru,1950,Female,1
Nauru,1950,Male,6
Nauru,1960,Female,1
Nauru,1960,Male,10
Nauru,1970,Female,1
Nauru,1970,Male,7
Nauru,1980,Female,8
Nauru,1980,Male,10
Nauru,1980,Unknown,1
Nauru,1990,Female,1
Nauru,1990,Male,5
Nauru,2000,Male,1
Nepal,1900,Female,3
Nepal,1900,Male,18
Nepal,1910,Female,2
Nepal,1910,Male,24
Nepal,1920,Female,9
Nepal,1920,Male,41
Nepal,1920,Unknown,1
Nepal,1930,Female,4
Nepal,1930,Male,51
Nepal,1940,Female,16
Nepal,1940,Male,64
Nepal,1940,Unknown,1
Nepal,1950,Female,21
Nepal,1950,Male,129
Nepal,1950,Unknown,2
Nepal,1960,Female,20
Nepal,1960,Male,125
Nepal,1960,Unknown,1
Nepal,1970,Female,45
Nepal,1970,Male,117
Nepal,1970,Unknown,1
Nepal,1980,Female,70
Nepal,1980,Male,142
Nepal,1980,Non-binary or other,1
Nepal,1980,Unknown,5
Nepal,1990,Female,84
Nepal,1990,Male,127
Nepal,1990,Unknown,1
Nepal,2000,Female,9
Nepal,2000,Male,36
Nepal,2000,Unknown,2
Nepal,2010,Male,2
Nepal,2010,Unknown,2
New Zealand,1900,Female,112
New Zealand,1900,Male,565
New Zealand,1900,Unknown,2
New Zealand,1910,Female,136
New Zealand,1910,Male,619
New Zealand,1910,Unknown,3
New Zealand,1920,Female,213
New Zealand,1920,Male,825
New Zealand,1920,Unknown,6
New Zealand,1930,Female,220
New Zealand,1930,Male,923
New Zealand,1930,Non-binary or other,1
New Zealand,1930,Unknown,2
New Zealand,1940,Female,301
New Zealand,1940,Male,1064
New Zealand,1940,Unknown,5
New Zealand,1950,Female,299
New Zealand,1950,Male,890
New Zealand,1950,Non-binary or other,4
New Zealand,1950,Unknown,5
New Zealand,1960,Female,313
New Zealand,1960,Male,829
New Zealand,1960,Non-binary or other,2
New Zealand,1960,Unknown,6
New Zealand,1970,Female,382
New Zealand,1970,Male,1013
New Zealand,1970,Non-binary or other,3
New Zealand,1970,Unknown,6
New Zealand,1980,Female,436
New Zealand,1980,Male,1223
New Zealand,1980,Unknown,1
New Zealand,1990,Female,472
New Zealand,1990,Male,1131
New Zealand,1990,Non-binary or other,1
New Zealand,1990,Unknown,16
New Zealand,2000,Female,110
New Zealand,2000,Male,203
New Zealand,2000,Unknown,2
New Zealand,2010,Female,4
New Zealand,2010,Male,2
Nicaragua,1900,Female,6
Nicaragua,1900,Male,17
Nicaragua,1910,Female,5
Nicaragua,1910,Male,16
Nicaragua,1920,Female,9
Nicaragua,1920,Male,26
Nicaragua,1930,Female,7
Nicaragua,1930,Male,48
Nicaragua,1940,Female,23
Nicaragua,1940,Male,67
Nicaragua,1950,Female,28
Nicaragua,1950,Male,59
Nicaragua,1960,Female,13
Nicaragua,1960,Male,37
Nicaragua,1960,Unknown,1
Nicaragua,1970,Female,17
Nicaragua,1970,Male,50
Nicaragua,1980,Female,26
Nicaragua,1980,Male,72
Nicaragua,1980,Unknown,2
Nicaragua,1990,Female,25
Nicaragua,1990,Male,80
Nicaragua,2000,Female,5
Nicaragua,2000,Male,14
Niger,1900,Male,6
Niger,1910,Male,10
Niger,1920,Female,2
Niger,1920,Male,27
Niger,1930,Female,2
Niger,1930,Male,40
Niger,1940,Female,5
Niger,1940,Male,58
Niger,1950,Female,17
Niger,1950,Male,71
Niger,1960,Female,10
Niger,1960,Male,62
Niger,1970,Female,6
Niger,1970,Male,29
Niger,1980,Female,11
Niger,1980,Male,35
Niger,1990,Female,10
Niger,1990,Male,45
Niger,1990,Non-binary or other,1
Niger,2000,Female,3
Niger,2000,Male,12
Nigeria,1900,Female,13
Nigeria,1900,Male,57
Nigeria,1900,Unknown,1
Nigeria,1910,Female,14
Nigeria,1910,Male,80
Nigeria,1920,Female,14
Nigeria,1920,Male,152
Nigeria,1920,Unknown,1
Nigeria,1930,Female,43
Nigeria,1930,Male,349
Nigeria,1930,Unknown,1
Nigeria,1940,Female,83
Nigeria,1940,Male,463
Nigeria,1940,Unknown,7
Nigeria,1950,Female,194
Nigeria,1950,Male,775
Nigeria,1950,Unknown,2
Nigeria,1960,Female,276
Nigeria,1960,Male,942
Nigeria,1960,Unknown,2
Nigeria,1970,Female,275
Nigeria,1970,Male,722
Nigeria,1970,Non-binary or other,1
Nigeria,1970,Unknown,5
Nigeria,1980,Female,453
Nigeria,1980,Male,1212
Nigeria,1980,Non-binary or other,1
Nigeria,1980,Unknown,3
Nigeria,1990,Female,353
Nigeria,1990,Male,1169
Nigeria,1990,Non-binary or other,3
Nigeria,1990,Unknown,1
Nigeria,2000,Female,97
Nigeria,2000,Male,320
Nigeria,2000,Non-binary or other,2
Nigeria,2010,Female,6
Nigeria,2010,Male,3
Nigeria,2020,Male,1
Niue,1900,Male,2
Niue,1910,Female,1
Niue,1920,Male,1
Niue,1930,Male,3
Niue,1940,Male,2
Niue,1950,Female,1
Niue,1950,Male,2
Niue,1960,Female,1
Niue,1960,Male,2
Niue,1970,Male,1
Niue,1980,Female,1
Niue,1990,Female,1
Niue,1990,Male,1
North Korea,1900,Female,10
North Korea,1900,Male,66
North Korea,1900,Unknown,2
North Korea,1910,Female,20
North Korea,1910,Male,101
North Korea,1910,Unknown,8
North Korea,1920,Female,15
North Korea,1920,Male,126
North Korea,1920,Unknown,10
North Korea,1930,Female,20
North Korea,1930,Male,106
North Korea,1930,Unknown,4
North Korea,1940,Female,26
North Korea,1940,Male,109
North Korea,1940,Unknown,4
North Korea,1950,Female,5
North Korea,1950,Male,47
North Korea,1950,Unknown,1
North Korea,1960,Female,18
North Korea,1960,Male,21
North Korea,1970,Female,28
North Korea,1970,Male,27
North Korea,1980,Female,50
North Korea,1980,Male,87
North Korea,1990,Female,56
North Korea,1990,Male,91
North Korea,2000,Female,11
North Korea,2000,Male,3
North Korea,2010,Female,1
North Macedonia,1900,Female,33
North Macedonia,1900,Male,277
North Macedonia,1900,Unknown,16
North Macedonia,1910,Female,58
North Macedonia,1910,Male,269
North Macedonia,1910,Unknown,49
North Macedonia,1920,Female,144
North Macedonia,1920,Male,400
North Macedonia,1920,Unknown,98
North Macedonia,1930,Female,71
North Macedonia,1930,Male,312
North Macedonia,1930,Unknown,12
North Macedonia,1940,Female,88
North Macedonia,1940,Male,300
North Macedonia,1940,Unknown,22
North Macedonia,1950,Female,87
North Macedonia,1950,Male,298
North Macedonia,1950,Unknown,36
North Macedonia,1960,Female,97
North Macedonia,1960,Male,312
North Macedonia,1960,Unknown,21
North Macedonia,1970,Female,132
North Macedonia,1970,Male,355
North Macedonia,1970,Unknown,26
North Macedonia,1980,Female,115
North Macedonia,1980,Male,426
North Macedonia,1980,Unknown,19
North Macedonia,1990,Female,54
North Macedonia,1990,Male,305
North Macedonia,1990,Unknown,17
North Macedonia,2000,Female,12
North Macedonia,2000,Male,77
North Macedonia,2000,Unknown,7
North Macedonia,2010,Female,1
Northern Cyprus,1900,Female,1
Northern Cyprus,1900,Male,3
Northern Cyprus,1910,Female,1
Northern Cyprus,1910,Male,8
Northern Cyprus,1920,Male,28
Northern Cyprus,1930,Female,5
Northern Cyprus,1930,Male,22
Northern Cyprus,1940,Female,4
Northern Cyprus,1940,Male,30
Northern Cyprus,1950,Female,8
Northern Cyprus,1950,Male,36
Northern Cyprus,1950,Unknown,1
Northern Cyprus,1960,Female,5
Northern Cyprus,1960,Male,36
Northern Cyprus,1970,Female,3
Northern Cyprus,1970,Male,31
Northern Cyprus,1980,Female,3
Northern Cyprus,1980,Male,10
Northern Cyprus,1990,Female,3
Northern Cyprus,1990,Male,2
Northern Cyprus,1990,Unknown,1
Northern Cyprus,2000,Female,2
Northern Cyprus,2000,Male,2
Norway,1900,Female,247
Norway,1900,Male,1164
Norway,1900,Unknown,1
Norway,1910,Female,244
Norway,1910,Male,1252
Norway,1910,Unknown,1
Norway,1920,Female,278
Norway,1920,Male,1248
Norway,1930,Female,327
Norway,1930,Male,1164
Norway,1940,Female,549
Norway,1940,Male,1824
Norway,1940,Non-binary or other,1
Norway,1940,Unknown,1
Norway,1950,Female,657
Norway,1950,Male,1767
Norway,1950,Non-binary or other,1
Norway,1960,Female,791
Norway,1960,Male,1745
Norway,1960,Unknown,1
Norway,1970,Female,905
Norway,1970,Male,1950
Norway,1970,Non-binary or other,1
Norway,1970,Unknown,3
Norway,1980,Female,756
Norway,1980,Male,1486
Norway,1980,Non-binary or other,1
Norway,1990,Female,695
Norway,1990,Male,1463
Norway,1990,Unknown,1
Norway,2000,Female,199
Norway,2000,Male,446
Norway,2010,Male,3
Oman,1900,Female,2
Oman,1900,Male,2
Oman,1910,Male,4
Oman,1920,Female,1
Oman,1920,Male,2
Oman,1930,Male,3
Oman,1940,Male,8
Oman,1950,Male,8
Oman,1960,Female,4
Oman,1960,Male,13
Oman,1970,Female,7
Oman,1970,Male,21
Oman,1980,Female,15
Oman,1980,Male,80
Oman,1990,Female,8
Oman,1990,Male,82
Oman,2000,Female,8
Oman,2000,Male,4
Pakistan,1900,Female,19
Pakistan,1900,Male,191
Pakistan,1900,Unknown,7
Pakistan,1910,Female,25
Pakistan,1910,Male,236
Pakistan,1910,Unknown,11
Pakistan,1920,Female,48
Pakistan,1920,Male,336
Pakistan,1920,Unknown,10
Pakistan,1930,Female,35
Pakistan,1930,Male,459
Pakistan,1930,Unknown,9
Pakistan,1940,Female,82
Pakistan,1940,Male,564
Pakistan,1940,Unknown,12
Pakistan,1950,Female,136
Pakistan,1950,Male,668
Pakistan,1950,Unknown,14
Pakistan,1960,Female,147
Pakistan,1960,Male,741
Pakistan,1960,Unknown,6
Pakistan,1970,Female,193
Pakistan,1970,Male,756
Pakistan,1970,Unknown,7
Pakistan,1980,Female,218
Pakistan,1980,Male,743
Pakistan,1980,Unknown,5
Pakistan,1990,Female,167
Pakistan,1990,Male,487
Pakistan,1990,Unknown,8
Pakistan,2000,Female,21
Pakistan,2000,Male,89
Pakistan,2000,Unknown,6
Pakistan,2010,Female,1
Pakistan,2010,Male,2
Pakistan,2010,Unknown,2
Palau,1900,Male,1
Palau,1920,Male,3
Palau,1930,Male,4
Palau,1940,Female,2
Palau,1940,Male,12
Palau,1940,Unknown,1
Palau,1950,Female,1
Palau,1950,Male,5
Palau,1960,Female,1
Palau,1960,Male,3
Palau,1970,Female,1
Palau,1970,Male,1
Palau,1980,Female,1
Palau,1980,Male,1
Palau,1990,Female,5
Palau,1990,Male,3
Palau,2000,Female,2
Palau,2000,Male,1
Palestine,1900,Female,12
Palestine,1900,Male,123
Palestine,1910,Female,23
Palestine,1910,Male,156
Palestine,1910,Unknown,2
Palestine,1920,Female,51
Palestine,1920,Male,315
Palestine,1920,Unknown,1
Palestine,1930,Female,77
Palestine,1930,Male,487
Palestine,1940,Female,137
Palestine,1940,Male,566
Palestine,1940,Unknown,1
Palestine,1950,Female,139
Palestine,1950,Male,683
Palestine,1960,Female,148
Palestine,1960,Male,609
Palestine,1960,Unknown,4
Palestine,1970,Female,182
Palestine,1970,Male,506
Palestine,1970,Unknown,4
Palestine,1980,Female,143
Palestine,1980,Male,310
Palestine,1980,Unknown,1
Palestine,1990,Female,64
Palestine,1990,Male,176
Palestine,1990,Unknown,1
Palestine,2000,Female,29
Palestine,2000,Male,63
Palestine,2010,Female,1
Palestine,2010,Male,1
Palestine,2020,Male,1
Panama,1900,Female,13
Panama,1900,Male,31
Panama,1910,Female,19
Panama,1910,Male,46
Panama,1910,Unknown,1
Panama,1920,Female,18
Panama,1920,Male,56
Panama,1930,Female,26
Panama,1930,Male,65
Panama,1940,Female,31
Panama,1940,Male,102
Panama,1940,Unknown,1
Panama,1950,Female,23
Panama,1950,Male,88
Panama,1960,Female,31
Panama,1960,Male,93
Panama,1970,Female,35
Panama,1970,Male,111
Panama,1980,Female,60
Panama,1980,Male,182
Panama,1980,Unknown,1
Panama,1990,Female,60
Panama,1990,Male,210
Panama,1990,Unknown,1
Panama,2000,Female,19
Panama,2000,Male,69
Papua New Guinea,1900,Female,3
Papua New Guinea,1900,Male,10
Papua New Guinea,1910,Female,2
Papua New Guinea,1910,Male,7
Papua New Guinea,1920,Male,8
Papua New Guinea,1930,Male,15
Papua New Guinea,1930,Unknown,1
Papua New Guinea,1940,Female,4
Papua New Guinea,1940,Male,17
Papua New Guinea,1950,Female,8
Papua New Guinea,1950,Male,23
Papua New Guinea,1960,Female,11
Papua New Guinea,1960,Male,36
Papua New Guinea,1970,Female,10
Papua New Guinea,1970,Male,64
Papua New Guinea,1980,Female,22
Papua New Guinea,1980,Male,88
Papua New Guinea,1990,Female,15
Papua New Guinea,1990,Male,70
Papua New Guinea,2000,Female,3
Papua New Guinea,2000,Male,4
Paraguay,1900,Female,8
Paraguay,1900,Male,82
Paraguay,1910,Female,6
Paraguay,1910,Male,49
Paraguay,1920,Female,13
Paraguay,1920,Male,77
Paraguay,1930,Female,13
Paraguay,1930,Male,118
Paraguay,1940,Female,25
Paraguay,1940,Male,112
Paraguay,1950,Female,22
Paraguay,1950,Male,151
Paraguay,1950,Unknown,1
Paraguay,1960,Female,27
Paraguay,1960,Male,138
Paraguay,1970,Female,24
Paraguay,1970,Male,199
Paraguay,1970,Unknown,1
Paraguay,1980,Female,41
Paraguay,1980,Male,499
Paraguay,1980,Non-binary or other,1
Paraguay,1990,Female,56
Paraguay,1990,Male,340
Paraguay,2000,Female,11
Paraguay,2000,Male,105
Paraguay,2010,Male,1
People's Republic of China,1900,Female,179
People's Republic of China,1900,Male,1020
People's Republic of China,1900,Unknown,77
People's Republic of China,1910,Female,247
People's Republic of China,1910,Male,1383
People's Republic of China,1910,Unknown,66
People's Republic of China,1920,Female,300
People's Republic of China,1920,Male,1462
People's Republic of China,1920,Unknown,80
People's Republic of China,1930,Female,314
People's Republic of China,1930,Male,1707
People's Republic of China,1930,Unknown,81
People's Republic of China,1940,Female,355
People's Republic of China,1940,Male,1630
People's Republic of China,1940,Unknown,61
People's Republic of China,1950,Female,412
People's Republic of China,1950,Male,2257
People's Republic of China,1950,Unknown,73
People's Republic of China,1960,Female,771
People's Republic of China,1960,Male,2681
People's Republic of China,1960,Non-binary or other,1
People's Republic of China,1960,Unknown,113
People's Republic of China,1970,Female,895
People's Republic of China,1970,Male,1348
People's Republic of China,1970,Non-binary or other,3
People's Republic of China,1970,Unknown,63
People's Republic of China,1980,Female,1674
People's Republic of China,1980,Male,2189
People's Republic of China,1980,Unknown,58
People's Republic of China,1990,Female,1597
People's Republic of China,1990,Male,2213
People's Republic of China,1990,Non-binary or other,5
People's Republic of China,1990,Unknown,20
People's Republic of China,2000,Female,511
People's Republic of China,2000,Male,637
People's Republic of China,2000,Non-binary or other,1
People's Republic of China,2000,Unknown,3
People's Republic of China,2010,Female,28
People's Republic of China,2010,Male,14
People's Republic of China,2010,Unknown,1
Peru,1900,Female,58
Peru,1900,Male,256
Peru,1910,Female,27
Peru,1910,Male,254
Peru,1920,Female,56
Peru,1920,Male,406
Peru,1920,Unknown,3
Peru,1930,Female,66
Peru,1930,Male,386
Peru,1940,Female,120
Peru,1940,Male,657
Peru,1940,Unknown,1
Peru,1950,Female,208
Peru,1950,Male,701
Peru,1960,Female,277
Peru,1960,Male,766
Peru,1960,Unknown,1
Peru,1970,Female,264
Peru,1970,Male,712
Peru,1970,Unknown,1
Peru,1980,Female,296
Peru,1980,Male,694
Peru,1980,Non-binary or other,3
Peru,1980,Unknown,3
Peru,1990,Female,256
Peru,1990,Male,596
Peru,1990,Non-binary or other,3
Peru,2000,Female,131
Peru,2000,Male,243
Peru,2010,Female,3
Philippines,1900,Female,31
Philippines,1900,Male,154
Philippines,1910,Female,55
Philippines,1910,Male,216
Philippines,1920,Female,69
Philippines,1920,Male,230
Philippines,1930,Female,86
Philippines,1930,Male,371
Philippines,1930,Unknown,3
Philippines,1940,Female,116
Philippines,1940,Male,433
Philippines,1940,Unknown,3
Philippines,1950,Female,137
Philippines,1950,Male,413
Philippines,1950,Unknown,2
Philippines,1960,Female,171
Philippines,1960,Male,519
Philippines,1960,Unknown,1
Philippines,1970,Female,235
Philippines,1970,Male,509
Philippines,1970,Non-binary or other,2
Philippines,1970,Unknown,3
Philippines,1980,Female,339
Philippines,1980,Male,540
Philippines,1980,Non-binary or other,1
Philippines,1980,Unknown,11
Philippines,1990,Female,310
Philippines,1990,Male,475
Philippines,1990,Non-binary or other,6
Philippines,1990,Unknown,12
Philippines,2000,Female,85
Philippines,2000,Male,137
Philippines,2000,Unknown,3
Philippines,2010,Female,6
Philippines,2010,Male,9
Philippines,2010,Unknown,1
Philippines,2020,Female,1
Pitcairn Islands,1990,Female,1
Poland,1900,Female,1228
Poland,1900,Male,7383
Poland,1900,Unknown,82
Poland,1910,Female,1097
Poland,1910,Male,6175
Poland,1910,Non-binary or other,2
Poland,1910,Unknown,71
Poland,1920,Female,1762
Poland,1920,Male,8034
Poland,1920,Unknown,95
Poland,1930,Female,1825
Poland,1930,Male,8012
Poland,1930,Unknown,534
Poland,1940,Female,1623
Poland,1940,Male,7453
Poland,1940,Non-binary or other,2
Poland,1940,Unknown,30
Poland,1950,Female,1762
Poland,1950,Male,7438
Poland,1950,Unknown,19
Poland,1960,Female,1367
Poland,1960,Male,5401
Poland,1960,Unknown,13
Poland,1970,Female,1821
Poland,1970,Male,5168
Poland,1970,Non-binary or other,2
Poland,1970,Unknown,8
Poland,1980,Female,1772
Poland,1980,Male,3843
Poland,1980,Unknown,14
Poland,1990,Female,1017
Poland,1990,Male,2072
Poland,1990,Non-binary or other,1
Poland,1990,Unknown,10
Poland,2000,Female,247
Poland,2000,Male,610
Poland,2000,Non-binary or other,1
Poland,2010,Female,5
Poland,2010,Male,1
Poland,2020,Female,1
Portugal,1900,Female,66
Portugal,1900,Male,451
Portugal,1900,Unknown,1
Portugal,1910,Female,77
Portugal,1910,Male,483
Portugal,1920,Female,150
Portugal,1920,Male,704
Portugal,1930,Female,177
Portugal,1930,Male,835
Portugal,1930,Unknown,1
Portugal,1940,Female,230
Portugal,1940,Male,998
Portugal,1950,Female,269
Portugal,1950,Male,928
Portugal,1950,Unknown,2
Portugal,1960,Female,273
Portugal,1960,Male,826
Portugal,1960,Non-binary or other,1
Portugal,1960,Unknown,2
Portugal,1970,Female,397
Portugal,1970,Male,1134
Portugal,1970,Unknown,7
Portugal,1980,Female,361
Portugal,1980,Male,1235
Portugal,1980,Non-binary or other,4
Portugal,1980,Unknown,2
Portugal,1990,Female,248
Portugal,1990,Male,1200
Portugal,1990,Unknown,2
Portugal,2000,Female,57
Portugal,2000,Male,345
Portugal,2000,Non-binary or other,1
Portugal,2000,Unknown,3
Portugal,2010,Female,2
Portugal,2010,Male,1
Puerto Rico,1900,Male,3
Puerto Rico,1910,Male,1
Puerto Rico,1930,Female,1
Puerto Rico,1930,Male,1
Puerto Rico,1940,Female,1
Puerto Rico,1940,Male,1
Puerto Rico,1950,Female,1
Puerto Rico,1950,Male,1
Puerto Rico,1960,Male,1
Puerto Rico,1970,Male,2
Puerto Rico,1980,Female,1
Puerto Rico,1990,Female,1
Q785,1900,Female,2
Q785,1900,Male,5
Q785,1910,Male,3
Q785,1920,Female,3
Q785,1920,Male,2
Q785,1930,Male,5
Q785,1940,Female,1
Q785,1940,Male,5
Q785,1950,Female,2
Q785,1950,Male,4
Q785,1960,Male,8
Q785,1970,Female,2
Q785,1970,Male,5
Q785,1980,Male,6
Q785,1990,Female,3
Q785,1990,Male,4
Qatar,1900,Male,3
Qatar,1910,Male,2
Qatar,1920,Male,3
Qatar,1930,Male,6
Qatar,1940,Male,10
Qatar,1950,Female,6
Qatar,1950,Male,30
Qatar,1960,Female,6
Qatar,1960,Male,37
Qatar,1970,Female,6
Qatar,1970,Male,48
Qatar,1980,Female,10
Qatar,1980,Male,164
Qatar,1980,Unknown,1
Qatar,1990,Female,14
Qatar,1990,Male,249
Qatar,2000,Female,10
Qatar,2000,Male,37
Republic of the Congo,1900,Female,1
Republic of the Congo,1900,Male,6
Republic of the Congo,1910,Male,17
Republic of the Congo,1920,Female,1
Republic of the Congo,1920,Male,22
Republic of the Congo,1930,Female,6
Republic of the Congo,1930,Male,43
Republic of the Congo,1940,Female,12
Republic of the Congo,1940,Male,75
Republic of the Congo,1950,Female,18
Republic of the Congo,1950,Male,83
Republic of the Congo,1960,Female,15
Republic of the Congo,1960,Male,58
Republic of the Congo,1970,Female,15
Republic of the Congo,1970,Male,62
Republic of the Congo,1970,Unknown,1
Republic of the Congo,1980,Female,13
Republic of the Congo,1980,Male,87
Republic of the Congo,1990,Female,14
Republic of the Congo,1990,Male,95
Republic of the Congo,2000,Female,3
Republic of the Congo,2000,Male,17
Romania,1900,Female,229
Romania,1900,Male,1497
Romania,1900,Unknown,5
Romania,1910,Female,271
Romania,1910,Male,1368
Romania,1910,Unknown,3
Romania,1920,Female,410
Romania,1920,Male,1934
Romania,1920,Unknown,11
Romania,1930,Female,461
Romania,1930,Male,1926
Romania,1930,Unknown,15
Romania,1940,Female,568
Romania,1940,Male,2134
Romania,1940,Unknown,10
Romania,1950,Female,538
Romania,1950,Male,1972
Romania,1950,Unknown,7
Romania,1960,Female,575
Romania,1960,Male,1568
Romania,1960,Non-binary or other,1
Romania,1960,Unknown,6
Romania,1970,Female,740
Romania,1970,Male,1955
Romania,1970,Unknown,8
Romania,1980,Female,753
Romania,1980,Male,1635
Romania,1980,Unknown,9
Romania,1990,Female,383
Romania,1990,Male,1079
Romania,1990,Unknown,2
Romania,2000,Female,124
Romania,2000,Male,422
Romania,2000,Non-binary or other,1
Romania,2000,Unknown,4
Romania,2010,Male,1
Russia,1900,Female,1331
Russia,1900,Male,9620
Russia,1900,Unknown,107
Russia,1910,Female,1594
Russia,1910,Male,10973
Russia,1910,Unknown,76
Russia,1920,Female,2496
Russia,1920,Male,13068
Russia,1920,Unknown,133
Russia,1930,Female,2406
Russia,1930,Male,11543
Russia,1930,Unknown,173
Russia,1940,Female,2007
Russia,1940,Male,9306
Russia,1940,Unknown,164
Russia,1950,Female,2184
Russia,1950,Male,9290
Russia,1950,Non-binary or other,2
Russia,1950,Unknown,139
Russia,1960,Female,2077
Russia,1960,Male,8188
Russia,1960,Non-binary or other,1
Russia,1960,Unknown,121
Russia,1970,Female,2353
Russia,1970,Male,7557
Russia,1970,Unknown,81
Russia,1980,Female,2988
Russia,1980,Male,7374
Russia,1980,Non-binary or other,6
Russia,1980,Unknown,78
Russia,1990,Female,2272
Russia,1990,Male,5455
Russia,1990,Non-binary or other,5
Russia,1990,Unknown,42
Russia,2000,Female,637
Russia,2000,Male,1564
Russia,2000,Non-binary or other,3
Russia,2000,Unknown,20
Russia,2010,Female,27
Russia,2010,Male,22
Russia,2020,Male,2
Rwanda,1900,Female,1
Rwanda,1900,Male,1
Rwanda,1910,Male,4
Rwanda,1920,Female,2
Rwanda,1920,Male,9
Rwanda,1930,Female,2
Rwanda,1930,Male,14
Rwanda,1940,Female,6
Rwanda,1940,Male,28
Rwanda,1950,Female,20
Rwanda,1950,Male,61
Rwanda,1950,Unknown,1
Rwanda,1960,Female,21
Rwanda,1960,Male,38
Rwanda,1960,Unknown,1
Rwanda,1970,Female,29
Rwanda,1970,Male,21
Rwanda,1970,Unknown,1
Rwanda,1980,Female,36
Rwanda,1980,Male,54
Rwanda,1990,Female,33
Rwanda,1990,Male,83
Rwanda,1990,Non-binary or other,1
Rwanda,2000,Female,2
Rwanda,2000,Male,13
"Saint Helena, Ascension and Tristan da Cunha",1970,Female,1
"Saint Helena, Ascension and Tristan da Cunha",1990,Female,1
Saint Kitts and Nevis,1900,Male,1
Saint Kitts and Nevis,1910,Female,1
Saint Kitts and Nevis,1910,Male,4
Saint Kitts and Nevis,1920,Male,1
Saint Kitts and Nevis,1930,Female,1
Saint Kitts and Nevis,1930,Male,10
Saint Kitts and Nevis,1940,Female,2
Saint Kitts and Nevis,1940,Male,11
Saint Kitts and Nevis,1950,Female,4
Saint Kitts and Nevis,1950,Male,36
Saint Kitts and Nevis,1960,Male,19
Saint Kitts and Nevis,1970,Male,20
Saint Kitts and Nevis,1980,Female,6
Saint Kitts and Nevis,1980,Male,39
Saint Kitts and Nevis,1990,Female,9
Saint Kitts and Nevis,1990,Male,47
Saint Kitts and Nevis,2000,Female,1
Saint Kitts and Nevis,2000,Male,6
Saint Lucia,1900,Female,1
Saint Lucia,1900,Male,7
Saint Lucia,1910,Female,1
Saint Lucia,1910,Male,7
Saint Lucia,1920,Female,1
Saint Lucia,1920,Male,8
Saint Lucia,1930,Female,1
Saint Lucia,1930,Male,7
Saint Lucia,1940,Female,2
Saint Lucia,1940,Male,11
Saint Lucia,1950,Female,4
Saint Lucia,1950,Male,13
Saint Lucia,1950,Unknown,1
Saint Lucia,1960,Female,4
Saint Lucia,1960,Male,11
Saint Lucia,1970,Female,4
Saint Lucia,1970,Male,17
Saint Lucia,1970,Unknown,1
Saint Lucia,1980,Female,8
Saint Lucia,1980,Male,21
Saint Lucia,1990,Female,8
Saint Lucia,1990,Male,32
Saint Lucia,1990,Unknown,1
Saint Lucia,2000,Female,4
Saint Lucia,2000,Male,4
Saint Vincent and the Grenadines,1900,Male,3
Saint Vincent and the Grenadines,1910,Female,1
Saint Vincent and the Grenadines,1910,Male,3
Saint Vincent and the Grenadines,1920,Male,5
Saint Vincent and the Grenadines,1930,Female,2
Saint Vincent and the Grenadines,1930,Male,11
Saint Vincent and the Grenadines,1940,Female,3
Saint Vincent and the Grenadines,1940,Male,9
Saint Vincent and the Grenadines,1950,Female,5
Saint Vincent and the Grenadines,1950,Male,15
Saint Vincent and the Grenadines,1960,Male,9
Saint Vincent and the Grenadines,1970,Female,3
Saint Vincent and the Grenadines,1970,Male,30
Saint Vincent and the Grenadines,1980,Female,6
Saint Vincent and the Grenadines,1980,Male,25
Saint Vincent and the Grenadines,1990,Female,2
Saint Vincent and the Grenadines,1990,Male,24
Saint Vincent and the Grenadines,1990,Unknown,1
Saint Vincent and the Grenadines,2000,Female,2
Saint Vincent and the Grenadines,2000,Male,5
Saint-Martin,1990,Female,1
Samoa,1900,Female,2
Samoa,1900,Male,3
Samoa,1910,Male,9
Samoa,1920,Female,4
Samoa,1920,Male,7
Samoa,1930,Female,3
Samoa,1930,Male,10
Samoa,1940,Female,2
Samoa,1940,Male,16
Samoa,1950,Female,2
Samoa,1950,Male,17
Samoa,1950,Non-binary or other,1
Samoa,1960,Female,3
Samoa,1960,Male,46
Samoa,1960,Non-binary or other,1
Samoa,1970,Female,7
Samoa,1970,Male,68
Samoa,1970,Non-binary or other,1
Samoa,1980,Female,5
Samoa,1980,Male,106
Samoa,1990,Female,7
Samoa,1990,Male,63
Samoa,2000,Female,1
Samoa,2000,Male,8
San Marino,1900,Male,1
San Marino,1910,Male,2
San Marino,1920,Male,4
San Marino,1930,Female,1
San Marino,1930,Male,12
San Marino,1940,Female,3
San Marino,1940,Male,19
San Marino,1950,Female,6
San Marino,1950,Male,37
San Marino,1960,Female,6
San Marino,1960,Male,47
San Marino,1970,Female,10
San Marino,1970,Male,48
San Marino,1980,Female,6
San Marino,1980,Male,61
San Marino,1990,Female,4
San Marino,1990,Male,55
San Marino,2000,Female,4
San Marino,2000,Male,20
Saudi Arabia,1900,Female,4
Saudi Arabia,1900,Male,45
Saudi Arabia,1910,Female,2
Saudi Arabia,1910,Male,54
Saudi Arabia,1920,Female,6
Saudi Arabia,1920,Male,88
Saudi Arabia,1930,Female,2
Saudi Arabia,1930,Male,137
Saudi Arabia,1940,Female,7
Saudi Arabia,1940,Male,166
Saudi Arabia,1950,Female,32
Saudi Arabia,1950,Male,211
Saudi Arabia,1960,Female,23
Saudi Arabia,1960,Male,256
Saudi Arabia,1960,Unknown,1
Saudi Arabia,1970,Female,31
Saudi Arabia,1970,Male,289
Saudi Arabia,1980,Female,81
Saudi Arabia,1980,Male,609
Saudi Arabia,1980,Unknown,1
Saudi Arabia,1990,Female,41
Saudi Arabia,1990,Male,714
Saudi Arabia,1990,Unknown,4
Saudi Arabia,2000,Female,28
Saudi Arabia,2000,Male,111
Senegal,1900,Male,20
Senegal,1910,Female,1
Senegal,1910,Male,37
Senegal,1920,Female,10
Senegal,1920,Male,62
Senegal,1920,Unknown,1
Senegal,1930,Female,17
Senegal,1930,Male,92
Senegal,1940,Female,34
Senegal,1940,Male,139
Senegal,1940,Unknown,1
Senegal,1950,Female,55
Senegal,1950,Male,228
Senegal,1950,Unknown,2
Senegal,1960,Female,60
Senegal,1960,Male,137
Senegal,1960,Unknown,2
Senegal,1970,Female,72
Senegal,1970,Male,255
Senegal,1970,Unknown,1
Senegal,1980,Female,82
Senegal,1980,Male,359
Senegal,1990,Female,60
Senegal,1990,Male,399
Senegal,2000,Female,10
Senegal,2000,Male,151
Senegal,2000,Non-binary or other,1
Serbia,1900,Female,54
Serbia,1900,Male,464
Serbia,1900,Unknown,60
Serbia,1910,Female,81
Serbia,1910,Male,542
Serbia,1910,Unknown,67
Serbia,1920,Female,177
Serbia,1920,Male,850
Serbia,1920,Unknown,119
Serbia,1930,Female,206
Serbia,1930,Male,873
Serbia,1930,Unknown,129
Serbia,1940,Female,237
Serbia,1940,Male,964
Serbia,1940,Unknown,136
Serbia,1950,Female,315
Serbia,1950,Male,1063
Serbia,1950,Unknown,157
Serbia,1960,Female,354
Serbia,1960,Male,1066
Serbia,1960,Unknown,168
Serbia,1970,Female,469
Serbia,1970,Male,1376
Serbia,1970,Non-binary or other,1
Serbia,1970,Unknown,175
Serbia,1980,Female,582
Serbia,1980,Male,1856
Serbia,1980,Unknown,120
Serbia,1990,Female,397
Serbia,1990,Male,1735
Serbia,1990,Unknown,78
Serbia,2000,Female,92
Serbia,2000,Male,310
Serbia,2000,Unknown,22
Serbia,2010,Female,1
Serbia,2010,Male,2
Seychelles,1900,Female,1
Seychelles,1900,Male,1
Seychelles,1910,Female,1
Seychelles,1910,Male,2
Seychelles,1910,Unknown,1
Seychelles,1930,Female,1
Seychelles,1930,Male,5
Seychelles,1940,Female,2
Seychelles,1940,Male,4
Seychelles,1940,Unknown,4
Seychelles,1950,Female,5
Seychelles,1950,Male,7
Seychelles,1950,Unknown,3
Seychelles,1960,Female,4
Seychelles,1960,Male,13
Seychelles,1970,Female,6
Seychelles,1970,Male,8
Seychelles,1980,Female,7
Seychelles,1980,Male,23
Seychelles,1990,Female,10
Seychelles,1990,Male,17
Seychelles,2000,Male,7
Sierra Leone,1900,Female,2
Sierra Leone,1900,Male,5
Sierra Leone,1910,Female,6
Sierra Leone,1910,Male,11
Sierra Leone,1920,Female,5
Sierra Leone,1920,Male,13
Sierra Leone,1930,Female,5
Sierra Leone,1930,Male,19
Sierra Leone,1940,Female,7
Sierra Leone,1940,Male,34
Sierra Leone,1950,Female,9
Sierra Leone,1950,Male,28
Sierra Leone,1960,Female,7
Sierra Leone,1960,Male,30
Sierra Leone,1970,Female,5
Sierra Leone,1970,Male,60
Sierra Leone,1980,Female,13
Sierra Leone,1980,Male,89
Sierra Leone,1990,Female,9
Sierra Leone,1990,Male,74
Sierra Leone,2000,Female,1
Sierra Leone,2000,Male,26
Singapore,1900,Female,9
Singapore,1900,Male,20
Singapore,1910,Female,8
Singapore,1910,Male,35
Singapore,1910,Unknown,1
Singapore,1920,Female,9
Singapore,1920,Male,43
Singapore,1920,Unknown,2
Singapore,1930,Female,20
Singapore,1930,Male,63
Singapore,1930,Unknown,4
Singapore,1940,Female,30
Singapore,1940,Male,96
Singapore,1940,Unknown,3
Singapore,1950,Female,32
Singapore,1950,Male,127
Singapore,1950,Unknown,7
Singapore,1960,Female,67
Singapore,1960,Male,181
Singapore,1960,Unknown,6
Singapore,1970,Female,102
Singapore,1970,Male,187
Singapore,1970,Unknown,2
Singapore,1980,Female,108
Singapore,1980,Male,243
Singapore,1980,Unknown,3
Singapore,1990,Female,127
Singapore,1990,Male,226
Singapore,1990,Non-binary or other,1
Singapore,2000,Female,27
Singapore,2000,Male,85
Singapore,2010,Female,1
Singapore,2010,Male,6
Singapore,2020,Male,1
Sint Maarten,1910,Male,1
Sint Maarten,1920,Male,1
Sint Maarten,1940,Male,1
Sint Maarten,1950,Female,1
Sint Maarten,1950,Male,1
Sint Maarten,1960,Female,1
Sint Maarten,1960,Male,2
Sint Maarten,1980,Female,2
Sint Maarten,1980,Male,3
Sint Maarten,1990,Female,1
Sint Maarten,1990,Male,6
Sint Maarten,2000,Male,4
Slovakia,1900,Female,124
Slovakia,1900,Male,1009
Slovakia,1900,Unknown,13
Slovakia,1910,Female,130
Slovakia,1910,Male,1372
Slovakia,1910,Unknown,45
Slovakia,1920,Female,320
Slovakia,1920,Male,2276
Slovakia,1920,Unknown,116
Slovakia,1930,Female,267
Slovakia,1930,Male,1409
Slovakia,1930,Unknown,10
Slovakia,1940,Female,356
Slovakia,1940,Male,1335
Slovakia,1940,Unknown,5
Slovakia,1950,Female,426
Slovakia,1950,Male,1258
Slovakia,1950,Unknown,14
Slovakia,1960,Female,377
Slovakia,1960,Male,1062
Slovakia,1960,Unknown,12
Slovakia,1970,Female,508
Slovakia,1970,Male,1366
Slovakia,1970,Unknown,20
Slovakia,1980,Female,651
Slovakia,1980,Male,1339
Slovakia,1980,Non-binary or other,2
Slovakia,1980,Unknown,5
Slovakia,1990,Female,340
Slovakia,1990,Male,962
Slovakia,1990,Non-binary or other,2
Slovakia,1990,Unknown,7
Slovakia,2000,Female,75
Slovakia,2000,Male,216
Slovakia,2000,Unknown,2
Slovakia,2910,Male,1
Slovenia,1900,Female,138
Slovenia,1900,Male,912
Slovenia,1900,Unknown,4
Slovenia,1910,Female,171
Slovenia,1910,Male,1010
Slovenia,1910,Unknown,4
Slovenia,1920,Female,277
Slovenia,1920,Male,1253
Slovenia,1920,Unknown,3
Slovenia,1930,Female,231
Slovenia,1930,Male,1034
Slovenia,1930,Unknown,3
Slovenia,1940,Female,343
Slovenia,1940,Male,1072
Slovenia,1950,Female,357
Slovenia,1950,Male,999
Slovenia,1950,Unknown,5
Slovenia,1960,Female,495
Slovenia,1960,Male,1023
Slovenia,1960,Unknown,1
Slovenia,1970,Female,518
Slovenia,1970,Male,924
Slovenia,1970,Unknown,2
Slovenia,1980,Female,416
Slovenia,1980,Male,906
Slovenia,1980,Unknown,3
Slovenia,1990,Female,296
Slovenia,1990,Male,642
Slovenia,1990,Unknown,5
Slovenia,2000,Female,77
Slovenia,2000,Male,140
Slovenia,2000,Unknown,1
Solomon Islands,1910,Male,1
Solomon Islands,1930,Female,1
Solomon Islands,1930,Male,4
Solomon Islands,1940,Female,1
Solomon Islands,1940,Male,12
Solomon Islands,1950,Female,2
Solomon Islands,1950,Male,15
Solomon Islands,1960,Female,2
Solomon Islands,1960,Male,10
Solomon Islands,1970,Female,1
Solomon Islands,1970,Male,14
Solomon Islands,1980,Female,7
Solomon Islands,1980,Male,36
Solomon Islands,1990,Female,9
Solomon Islands,1990,Male,39
Solomon Islands,2000,Female,4
Solomon Islands,2000,Male,9
Somalia,1900,Female,1
Somalia,1900,Male,6
Somalia,1910,Male,11
Somalia,1920,Female,2
Somalia,1920,Male,17
Somalia,1930,Female,2
Somalia,1930,Male,36
Somalia,1940,Female,6
Somalia,1940,Male,41
Somalia,1950,Female,20
Somalia,1950,Male,51
Somalia,1960,Female,11
Somalia,1960,Male,55
Somalia,1970,Female,10
Somalia,1970,Male,33
Somalia,1980,Female,32
Somalia,1980,Male,52
Somalia,1990,Female,15
Somalia,1990,Male,47
Somalia,2000,Female,3
Somalia,2000,Male,11
Somaliland,1950,Male,1
Somaliland,1960,Male,1
Somaliland,1970,Male,1
South Africa,1900,Female,83
South Africa,1900,Male,375
South Africa,1900,Unknown,2
South Africa,1910,Female,89
South Africa,1910,Male,421
South Africa,1910,Unknown,2
South Africa,1920,Female,111
South Africa,1920,Male,537
South Africa,1920,Unknown,3
South Africa,1930,Female,142
South Africa,1930,Male,778
South Africa,1930,Unknown,4
South Africa,1940,Female,183
South Africa,1940,Male,729
South Africa,1940,Non-binary or other,1
South Africa,1940,Unknown,3
South Africa,1950,Female,228
South Africa,1950,Male,810
South Africa,1950,Non-binary or other,1
South Africa,1950,Unknown,5
South Africa,1960,Female,250
South Africa,1960,Male,874
South Africa,1960,Unknown,4
South Africa,1970,Female,355
South Africa,1970,Male,1143
South Africa,1970,Non-binary or other,2
South Africa,1970,Unknown,6
South Africa,1980,Female,539
South Africa,1980,Male,1874
South Africa,1980,Non-binary or other,2
South Africa,1980,Unknown,1
South Africa,1990,Female,385
South Africa,1990,Male,1670
South Africa,1990,Non-binary or other,2
South Africa,1990,Unknown,4
South Africa,2000,Female,93
South Africa,2000,Male,177
South Africa,2000,Unknown,2
South Africa,2010,Female,3
South Africa,2010,Male,5
South Korea,1900,Female,24
South Korea,1900,Male,127
South Korea,1900,Unknown,46
South Korea,1910,Female,19
South Korea,1910,Male,165
South Korea,1910,Unknown,37
South Korea,1920,Female,44
South Korea,1920,Male,239
South Korea,1920,Unknown,61
South Korea,1930,Female,44
South Korea,1930,Male,424
South Korea,1930,Unknown,51
South Korea,1940,Female,121
South Korea,1940,Male,634
South Korea,1940,Unknown,68
South Korea,1950,Female,277
South Korea,1950,Male,1113
South Korea,1950,Unknown,117
South Korea,1960,Female,527
South Korea,1960,Male,1448
South Korea,1960,Non-binary or other,1
South Korea,1960,Unknown,133
South Korea,1970,Female,830
South Korea,1970,Male,1729
South Korea,1970,Non-binary or other,1
South Korea,1970,Unknown,85
South Korea,1980,Female,1455
South Korea,1980,Male,2652
South Korea,1980,Unknown,142
South Korea,1990,Female,1276
South Korea,1990,Male,2258
South Korea,1990,Non-binary or other,1
South Korea,1990,Unknown,112
South Korea,2000,Female,410
South Korea,2000,Male,617
South Korea,2000,Non-binary or other,2
South Korea,2000,Unknown,36
South Korea,2010,Female,15
South Korea,2010,Male,17
South Korea,2010,Unknown,6
South Sudan,1900,Male,1
South Sudan,1910,Male,1
South Sudan,1920,Female,1
South Sudan,1920,Male,5
South Sudan,1930,Male,9
South Sudan,1940,Female,1
South Sudan,1940,Male,4
South Sudan,1950,Female,3
South Sudan,1950,Male,12
South Sudan,1960,Female,3
South Sudan,1960,Male,7
South Sudan,1970,Female,5
South Sudan,1970,Male,9
South Sudan,1980,Female,13
South Sudan,1980,Male,21
South Sudan,1990,Female,10
South Sudan,1990,Male,55
South Sudan,2000,Male,13
Spain,1900,Female,977
Spain,1900,Male,5399
Spain,1900,Unknown,20
Spain,1910,Female,974
Spain,1910,Male,4718
Spain,1910,Unknown,13
Spain,1920,Female,971
Spain,1920,Male,5225
Spain,1920,Unknown,17
Spain,1930,Female,1055
Spain,1930,Male,5412
Spain,1930,Non-binary or other,1
Spain,1930,Unknown,14
Spain,1940,Female,1695
Spain,1940,Male,7931
Spain,1940,Unknown,43
Spain,1950,Female,2579
Spain,1950,Male,8784
Spain,1950,Non-binary or other,1
Spain,1950,Unknown,72
Spain,1960,Female,3767
Spain,1960,Male,8756
Spain,1960,Non-binary or other,5
Spain,1960,Unknown,97
Spain,1970,Female,4311
Spain,1970,Male,8354
Spain,1970,Non-binary or other,5
Spain,1970,Unknown,87
Spain,1980,Female,3422
Spain,1980,Male,6138
Spain,1980,Non-binary or other,14
Spain,1980,Unknown,55
Spain,1990,Female,2409
Spain,1990,Male,4641
Spain,1990,Non-binary or other,36
Spain,1990,Unknown,17
Spain,2000,Female,1120
Spain,2000,Male,1918
Spain,2000,Non-binary or other,10
Spain,2000,Unknown,3
Spain,2010,Female,24
Spain,2010,Male,13
Spain,2020,Female,2
Spain,2020,Male,3
Sri Lanka,1900,Female,7
Sri Lanka,1900,Male,100
Sri Lanka,1900,Unknown,1
Sri Lanka,1910,Female,12
Sri Lanka,1910,Male,114
Sri Lanka,1910,Unknown,2
Sri Lanka,1920,Female,14
Sri Lanka,1920,Male,125
Sri Lanka,1920,Unknown,1
Sri Lanka,1930,Female,45
Sri Lanka,1930,Male,215
Sri Lanka,1930,Unknown,12
Sri Lanka,1940,Female,35
Sri Lanka,1940,Male,212
Sri Lanka,1940,Unknown,17
Sri Lanka,1950,Female,36
Sri Lanka,1950,Male,202
Sri Lanka,1950,Unknown,17
Sri Lanka,1960,Female,37
Sri Lanka,1960,Male,221
Sri Lanka,1960,Unknown,5
Sri Lanka,1970,Female,61
Sri Lanka,1970,Male,187
Sri Lanka,1970,Unknown,4
Sri Lanka,1980,Female,87
Sri Lanka,1980,Male,279
Sri Lanka,1980,Non-binary or other,1
Sri Lanka,1980,Unknown,4
Sri Lanka,1990,Female,76
Sri Lanka,1990,Male,384
Sri Lanka,1990,Unknown,1
Sri Lanka,2000,Female,15
Sri Lanka,2000,Male,34
Sri Lanka,2000,Unknown,2
Sudan,1900,Female,3
Sudan,1900,Male,16
Sudan,1910,Female,1
Sudan,1910,Male,18
Sudan,1910,Unknown,1
Sudan,1920,Female,6
Sudan,1920,Male,28
Sudan,1930,Female,16
Sudan,1930,Male,60
Sudan,1930,Unknown,1
Sudan,1940,Female,11
Sudan,1940,Male,58
Sudan,1950,Female,20
Sudan,1950,Male,66
Sudan,1960,Female,17
Sudan,1960,Male,47
Sudan,1960,Unknown,1
Sudan,1970,Female,16
Sudan,1970,Male,41
Sudan,1980,Female,31
Sudan,1980,Male,85
Sudan,1980,Non-binary or other,1
Sudan,1990,Female,18
Sudan,1990,Male,85
Sudan,1990,Non-binary or other,1
Sudan,2000,Female,2
Sudan,2000,Male,16
Suriname,1900,Female,6
Suriname,1900,Male,48
Suriname,1910,Female,7
Suriname,1910,Male,59
Suriname,1910,Unknown,1
Suriname,1920,Female,5
Suriname,1920,Male,65
Suriname,1920,Unknown,3
Suriname,1930,Female,12
Suriname,1930,Male,113
Suriname,1930,Unknown,1
Suriname,1940,Female,29
Suriname,1940,Male,113
Suriname,1940,Unknown,3
Suriname,1950,Female,48
Suriname,1950,Male,110
Suriname,1950,Unknown,2
Suriname,1960,Female,30
Suriname,1960,Male,113
Suriname,1960,Unknown,3
Suriname,1970,Female,31
Suriname,1970,Male,95
Suriname,1970,Unknown,3
Suriname,1980,Female,15
Suriname,1980,Male,103
Suriname,1980,Unknown,3
Suriname,1990,Female,16
Suriname,1990,Male,77
Suriname,2000,Female,4
Suriname,2000,Male,13
Sweden,1900,Female,690
Sweden,1900,Male,2723
Sweden,1910,Female,771
Sweden,1910,Male,2902
Sweden,1910,Unknown,3
Sweden,1920,Female,761
Sweden,1920,Male,2895
Sweden,1920,Unknown,2
Sweden,1930,Female,791
Sweden,1930,Male,2292
Sweden,1930,Unknown,1
Sweden,1940,Female,1107
Sweden,1940,Male,2654
Sweden,1940,Unknown,5
Sweden,1950,Female,1059
Sweden,1950,Male,2333
Sweden,1950,Unknown,2
Sweden,1960,Female,1364
Sweden,1960,Male,2630
Sweden,1960,Unknown,4
Sweden,1970,Female,1490
Sweden,1970,Male,2822
Sweden,1970,Non-binary or other,2
Sweden,1970,Unknown,3
Sweden,1980,Female,1231
Sweden,1980,Male,2170
Sweden,1980,Non-binary or other,5
Sweden,1980,Unknown,1
Sweden,1990,Female,884
Sweden,1990,Male,2039
Sweden,1990,Non-binary or other,4
Sweden,1990,Unknown,3
Sweden,2000,Female,201
Sweden,2000,Male,530
Sweden,2000,Unknown,3
Sweden,2010,Female,6
Sweden,2010,Male,8
Sweden,2020,Female,1
Sweden,2020,Male,1
Switzerland,1900,Female,305
Switzerland,1900,Male,1674
Switzerland,1900,Unknown,6
Switzerland,1910,Female,303
Switzerland,1910,Male,1785
Switzerland,1910,Unknown,19
Switzerland,1920,Female,356
Switzerland,1920,Male,2170
Switzerland,1920,Unknown,22
Switzerland,1930,Female,411
Switzerland,1930,Male,2121
Switzerland,1930,Unknown,19
Switzerland,1940,Female,653
Switzerland,1940,Male,2646
Switzerland,1940,Unknown,56
Switzerland,1950,Female,755
Switzerland,1950,Male,2534
Switzerland,1950,Unknown,87
Switzerland,1960,Female,962
Switzerland,1960,Male,2510
Switzerland,1960,Unknown,104
Switzerland,1970,Female,950
Switzerland,1970,Male,2019
Switzerland,1970,Unknown,57
Switzerland,1980,Female,870
Switzerland,1980,Male,1598
Switzerland,1980,Non-binary or other,2
Switzerland,1980,Unknown,67
Switzerland,1990,Female,566
Switzerland,1990,Male,1332
Switzerland,1990,Non-binary or other,7
Switzerland,1990,Unknown,12
Switzerland,2000,Female,216
Switzerland,2000,Male,391
Switzerland,2010,Female,2
Switzerland,2010,Male,4
Switzerland,2010,Unknown,1
Syria,1900,Female,12
Syria,1900,Male,110
Syria,1910,Female,10
Syria,1910,Male,142
Syria,1910,Unknown,1
Syria,1920,Female,27
Syria,1920,Male,234
Syria,1920,Unknown,4
Syria,1930,Female,39
Syria,1930,Male,353
Syria,1930,Unknown,2
Syria,1940,Female,50
Syria,1940,Male,337
Syria,1940,Unknown,1
Syria,1950,Female,56
Syria,1950,Male,364
Syria,1950,Unknown,5
Syria,1960,Female,55
Syria,1960,Male,310
Syria,1960,Unknown,2
Syria,1970,Female,93
Syria,1970,Male,301
Syria,1970,Unknown,3
Syria,1980,Female,90
Syria,1980,Male,308
Syria,1980,Unknown,4
Syria,1990,Female,60
Syria,1990,Male,167
Syria,1990,Unknown,1
Syria,2000,Female,10
Syria,2000,Male,39
Syria,2000,Unknown,1
Syria,2010,Female,1
Syria,2010,Male,2
São Tomé and Príncipe,1910,Female,1
São Tomé and Príncipe,1910,Male,2
São Tomé and Príncipe,1920,Female,3
São Tomé and Príncipe,1920,Male,4
São Tomé and Príncipe,1930,Male,5
São Tomé and Príncipe,1940,Female,2
São Tomé and Príncipe,1940,Male,6
São Tomé and Príncipe,1950,Female,3
São Tomé and Príncipe,1950,Male,21
São Tomé and Príncipe,1960,Female,4
São Tomé and Príncipe,1960,Male,9
São Tomé and Príncipe,1970,Female,5
São Tomé and Príncipe,1970,Male,6
São Tomé and Príncipe,1980,Female,2
São Tomé and Príncipe,1980,Male,12
São Tomé and Príncipe,1990,Female,1
São Tomé and Príncipe,1990,Male,26
São Tomé and Príncipe,2000,Female,1
São Tomé and Príncipe,2000,Male,3
Taiwan,1900,Female,11
Taiwan,1900,Male,91
Taiwan,1900,Non-binary or other,1
Taiwan,1900,Unknown,5
Taiwan,1910,Female,18
Taiwan,1910,Male,119
Taiwan,1910,Unknown,10
Taiwan,1920,Female,26
Taiwan,1920,Male,190
Taiwan,1920,Unknown,8
Taiwan,1930,Female,41
Taiwan,1930,Male,282
Taiwan,1930,Unknown,9
Taiwan,1940,Female,78
Taiwan,1940,Male,569
Taiwan,1940,Unknown,20
Taiwan,1950,Female,324
Taiwan,1950,Male,1089
Taiwan,1950,Unknown,25
Taiwan,1960,Female,367
Taiwan,1960,Male,951
Taiwan,1960,Unknown,31
Taiwan,1970,Female,419
Taiwan,1970,Male,726
Taiwan,1970,Unknown,33
Taiwan,1980,Female,606
Taiwan,1980,Male,890
Taiwan,1980,Non-binary or other,1
Taiwan,1980,Unknown,33
Taiwan,1990,Female,339
Taiwan,1990,Male,518
Taiwan,1990,Unknown,16
Taiwan,2000,Female,72
Taiwan,2000,Male,110
Taiwan,2000,Unknown,5
Taiwan,2010,Female,2
Taiwan,2010,Male,5
Tajikistan,1900,Female,2
Tajikistan,1900,Male,41
Tajikistan,1900,Unknown,6
Tajikistan,1910,Female,7
Tajikistan,1910,Male,70
Tajikistan,1910,Unknown,7
Tajikistan,1920,Female,31
Tajikistan,1920,Male,75
Tajikistan,1920,Unknown,12
Tajikistan,1930,Female,33
Tajikistan,1930,Male,156
Tajikistan,1930,Unknown,38
Tajikistan,1940,Female,51
Tajikistan,1940,Male,208
Tajikistan,1940,Unknown,61
Tajikistan,1950,Female,59
Tajikistan,1950,Male,230
Tajikistan,1950,Unknown,98
Tajikistan,1960,Female,51
Tajikistan,1960,Male,186
Tajikistan,1960,Unknown,103
Tajikistan,1970,Female,65
Tajikistan,1970,Male,100
Tajikistan,1970,Unknown,53
Tajikistan,1980,Female,48
Tajikistan,1980,Male,102
Tajikistan,1980,Unknown,55
Tajikistan,1990,Female,21
Tajikistan,1990,Male,115
Tajikistan,1990,Unknown,23
Tajikistan,2000,Female,5
Tajikistan,2000,Male,32
Tanzania,1900,Female,4
Tanzania,1900,Male,7
Tanzania,1910,Female,1
Tanzania,1910,Male,12
Tanzania,1920,Female,4
Tanzania,1920,Male,27
Tanzania,1930,Female,11
Tanzania,1930,Male,39
Tanzania,1940,Female,17
Tanzania,1940,Male,67
Tanzania,1950,Female,27
Tanzania,1950,Male,70
Tanzania,1950,Unknown,1
Tanzania,1960,Female,27
Tanzania,1960,Male,63
Tanzania,1960,Unknown,1
Tanzania,1970,Female,25
Tanzania,1970,Male,61
Tanzania,1980,Female,36
Tanzania,1980,Male,117
Tanzania,1990,Female,33
Tanzania,1990,Male,103
Tanzania,1990,Unknown,1
Tanzania,2000,Female,13
Tanzania,2000,Male,22
Tanzania,2010,Female,1
Thailand,1900,Female,18
Thailand,1900,Male,55
Thailand,1900,Unknown,5
Thailand,1910,Female,14
Thailand,1910,Male,69
Thailand,1910,Unknown,13
Thailand,1920,Female,23
Thailand,1920,Male,85
Thailand,1920,Unknown,16
Thailand,1930,Female,27
Thailand,1930,Male,127
Thailand,1930,Unknown,16
Thailand,1940,Female,35
Thailand,1940,Male,179
Thailand,1940,Unknown,19
Thailand,1950,Female,58
Thailand,1950,Male,226
Thailand,1950,Unknown,32
Thailand,1960,Female,95
Thailand,1960,Male,256
Thailand,1960,Unknown,44
Thailand,1970,Female,137
Thailand,1970,Male,374
Thailand,1970,Non-binary or other,1
Thailand,1970,Unknown,32
Thailand,1980,Female,305
Thailand,1980,Male,810
Thailand,1980,Non-binary or other,1
Thailand,1980,Unknown,29
Thailand,1990,Female,436
Thailand,1990,Male,929
Thailand,1990,Non-binary or other,1
Thailand,1990,Unknown,34
Thailand,2000,Female,120
Thailand,2000,Male,154
Thailand,2000,Unknown,1
Thailand,2010,Female,3
Thailand,2010,Male,4
Thailand,2020,Female,1
Thailand,2020,Male,2
The Bahamas,1900,Female,3
The Bahamas,1900,Male,4
The Bahamas,1910,Female,1
The Bahamas,1910,Male,9
The Bahamas,1920,Female,2
The Bahamas,1920,Male,18
The Bahamas,1930,Female,5
The Bahamas,1930,Male,17
The Bahamas,1940,Female,2
The Bahamas,1940,Male,19
The Bahamas,1940,Unknown,1
The Bahamas,1950,Female,7
The Bahamas,1950,Male,26
The Bahamas,1960,Female,9
The Bahamas,1960,Male,31
The Bahamas,1970,Female,15
The Bahamas,1970,Male,41
The Bahamas,1980,Female,16
The Bahamas,1980,Male,72
The Bahamas,1990,Female,28
The Bahamas,1990,Male,72
The Bahamas,1990,Unknown,1
The Bahamas,2000,Female,5
The Bahamas,2000,Male,18
The Gambia,1900,Male,4
The Gambia,1910,Female,2
The Gambia,1910,Male,7
The Gambia,1920,Female,3
The Gambia,1920,Male,15
The Gambia,1930,Female,1
The Gambia,1930,Male,21
The Gambia,1940,Female,6
The Gambia,1940,Male,39
The Gambia,1950,Female,27
The Gambia,1950,Male,89
The Gambia,1960,Female,7
The Gambia,1960,Male,41
The Gambia,1970,Female,9
The Gambia,1970,Male,27
The Gambia,1980,Female,15
The Gambia,1980,Male,65
The Gambia,1990,Female,20
The Gambia,1990,Male,106
The Gambia,2000,Female,5
The Gambia,2000,Male,64
Timor-Leste,1900,Male,1
Timor-Leste,1910,Male,5
Timor-Leste,1920,Male,1
Timor-Leste,1930,Male,11
Timor-Leste,1940,Female,4
Timor-Leste,1940,Male,26
Timor-Leste,1950,Female,26
Timor-Leste,1950,Male,78
Timor-Leste,1950,Unknown,1
Timor-Leste,1960,Female,38
Timor-Leste,1960,Male,75
Timor-Leste,1960,Unknown,3
Timor-Leste,1970,Female,18
Timor-Leste,1970,Male,67
Timor-Leste,1980,Female,12
Timor-Leste,1980,Male,28
Timor-Leste,1990,Female,4
Timor-Leste,1990,Male,39
Timor-Leste,2000,Female,13
Timor-Leste,2000,Male,46
Timor-Leste,2010,Male,1
Togo,1900,Female,1
Togo,1900,Male,3
Togo,1910,Female,3
Togo,1910,Male,8
Togo,1920,Female,3
Togo,1920,Male,9
Togo,1930,Female,6
Togo,1930,Male,25
Togo,1940,Female,3
Togo,1940,Male,37
Togo,1940,Unknown,1
Togo,1950,Female,14
Togo,1950,Male,30
Togo,1960,Female,13
Togo,1960,Male,50
Togo,1960,Unknown,1
Togo,1970,Female,14
Togo,1970,Male,80
Togo,1980,Female,14
Togo,1980,Male,108
Togo,1980,Unknown,2
Togo,1990,Female,29
Togo,1990,Male,88
Togo,2000,Female,8
Togo,2000,Male,10
Tonga,1900,Female,2
Tonga,1900,Male,1
Tonga,1910,Female,1
Tonga,1910,Male,5
Tonga,1920,Female,1
Tonga,1920,Male,5
Tonga,1930,Female,3
Tonga,1930,Male,9
Tonga,1940,Female,5
Tonga,1940,Male,10
Tonga,1950,Female,4
Tonga,1950,Male,21
Tonga,1960,Female,2
Tonga,1960,Male,33
Tonga,1970,Female,5
Tonga,1970,Male,77
Tonga,1980,Female,5
Tonga,1980,Male,118
Tonga,1980,Unknown,1
Tonga,1990,Female,4
Tonga,1990,Male,92
Tonga,2000,Female,1
Tonga,2000,Male,13
Trinidad and Tobago,1900,Female,8
Trinidad and Tobago,1900,Male,35
Trinidad and Tobago,1910,Female,18
Trinidad and Tobago,1910,Male,48
Trinidad and Tobago,1910,Unknown,1
Trinidad and Tobago,1920,Female,12
Trinidad and Tobago,1920,Male,69
Trinidad and Tobago,1920,Unknown,1
Trinidad and Tobago,1930,Female,8
Trinidad and Tobago,1930,Male,92
Trinidad and Tobago,1930,Unknown,1
Trinidad and Tobago,1940,Female,29
Trinidad and Tobago,1940,Male,108
Trinidad and Tobago,1940,Unknown,1
Trinidad and Tobago,1950,Female,27
Trinidad and Tobago,1950,Male,106
Trinidad and Tobago,1950,Unknown,2
Trinidad and Tobago,1960,Female,28
Trinidad and Tobago,1960,Male,119
Trinidad and Tobago,1960,Unknown,1
Trinidad and Tobago,1970,Female,35
Trinidad and Tobago,1970,Male,118
Trinidad and Tobago,1970,Non-binary or other,1
Trinidad and Tobago,1980,Female,59
Trinidad and Tobago,1980,Male,190
Trinidad and Tobago,1990,Female,51
Trinidad and Tobago,1990,Male,136
Trinidad and Tobago,1990,Unknown,2
Trinidad and Tobago,2000,Female,5
Trinidad and Tobago,2000,Male,16
Tunisia,1900,Female,9
Tunisia,1900,Male,111
Tunisia,1900,Unknown,1
Tunisia,1910,Female,13
Tunisia,1910,Male,160
Tunisia,1920,Female,30
Tunisia,1920,Male,184
Tunisia,1930,Female,41
Tunisia,1930,Male,339
Tunisia,1940,Female,61
Tunisia,1940,Male,464
Tunisia,1940,Unknown,1
Tunisia,1950,Female,108
Tunisia,1950,Male,521
Tunisia,1960,Female,98
Tunisia,1960,Male,350
Tunisia,1970,Female,73
Tunisia,1970,Male,283
Tunisia,1980,Female,120
Tunisia,1980,Male,397
Tunisia,1980,Unknown,1
Tunisia,1990,Female,64
Tunisia,1990,Male,291
Tunisia,1990,Non-binary or other,1
Tunisia,2000,Female,14
Tunisia,2000,Male,43
Turkey,1900,Female,145
Turkey,1900,Male,1068
Turkey,1900,Unknown,13
Turkey,1910,Female,192
Turkey,1910,Male,1221
Turkey,1910,Unknown,9
Turkey,1920,Female,180
Turkey,1920,Male,1506
Turkey,1920,Unknown,23
Turkey,1930,Female,163
Turkey,1930,Male,1517
Turkey,1930,Unknown,16
Turkey,1940,Female,344
Turkey,1940,Male,1914
Turkey,1940,Unknown,36
Turkey,1950,Female,413
Turkey,1950,Male,2327
Turkey,1950,Unknown,38
Turkey,1960,Female,584
Turkey,1960,Male,2417
Turkey,1960,Unknown,40
Turkey,1970,Female,817
Turkey,1970,Male,2053
Turkey,1970,Unknown,47
Turkey,1980,Female,898
Turkey,1980,Male,2196
Turkey,1980,Unknown,35
Turkey,1990,Female,767
Turkey,1990,Male,2191
Turkey,1990,Unknown,24
Turkey,2000,Female,203
Turkey,2000,Male,1568
Turkey,2000,Unknown,4
Turkey,2010,Female,5
Turkey,2010,Male,11
Turkey,2020,Female,1
Turkmenistan,1900,Female,4
Turkmenistan,1900,Male,55
Turkmenistan,1900,Unknown,1
Turkmenistan,1910,Female,12
Turkmenistan,1910,Male,64
Turkmenistan,1910,Unknown,1
Turkmenistan,1920,Female,11
Turkmenistan,1920,Male,59
Turkmenistan,1920,Unknown,1
Turkmenistan,1930,Female,13
Turkmenistan,1930,Male,71
Turkmenistan,1940,Female,14
Turkmenistan,1940,Male,73
Turkmenistan,1940,Unknown,4
Turkmenistan,1950,Female,6
Turkmenistan,1950,Male,78
Turkmenistan,1950,Unknown,1
Turkmenistan,1960,Female,15
Turkmenistan,1960,Male,91
Turkmenistan,1960,Unknown,2
Turkmenistan,1970,Female,9
Turkmenistan,1970,Male,75
Turkmenistan,1980,Female,10
Turkmenistan,1980,Male,69
Turkmenistan,1980,Unknown,3
Turkmenistan,1990,Female,12
Turkmenistan,1990,Male,71
Turkmenistan,1990,Unknown,2
Turkmenistan,2000,Female,2
Turkmenistan,2000,Male,10
Turks and Caicos Islands,1990,Female,1
Tuvalu,1900,Male,1
Tuvalu,1910,Male,1
Tuvalu,1920,Male,1
Tuvalu,1930,Male,3
Tuvalu,1940,Female,1
Tuvalu,1940,Male,3
Tuvalu,1950,Male,6
Tuvalu,1960,Male,2
Tuvalu,1970,Female,1
Tuvalu,1970,Male,4
Tuvalu,1980,Male,21
Tuvalu,1990,Female,2
Tuvalu,1990,Male,19
Tuvalu,2000,Male,3
Uganda,1900,Female,2
Uganda,1900,Male,6
Uganda,1910,Female,2
Uganda,1910,Male,10
Uganda,1920,Female,5
Uganda,1920,Male,39
Uganda,1930,Female,10
Uganda,1930,Male,69
Uganda,1930,Unknown,2
Uganda,1940,Female,23
Uganda,1940,Male,124
Uganda,1950,Female,71
Uganda,1950,Male,173
Uganda,1960,Female,130
Uganda,1960,Male,202
Uganda,1970,Female,178
Uganda,1970,Male,175
Uganda,1980,Female,137
Uganda,1980,Male,260
Uganda,1980,Unknown,1
Uganda,1990,Female,99
Uganda,1990,Male,284
Uganda,2000,Female,40
Uganda,2000,Male,62
Uganda,2010,Female,1
Uganda,2010,Male,2
Ukraine,1900,Female,926
Ukraine,1900,Male,6324
Ukraine,1900,Unknown,46
Ukraine,1910,Female,1032
Ukraine,1910,Male,6469
Ukraine,1910,Unknown,86
Ukraine,1920,Female,1451
Ukraine,1920,Male,6825
Ukraine,1920,Unknown,57
Ukraine,1930,Female,1210
Ukraine,1930,Male,5796
Ukraine,1930,Unknown,15
Ukraine,1940,Female,1135
Ukraine,1940,Male,4922
Ukraine,1940,Unknown,9
Ukraine,1950,Female,1324
Ukraine,1950,Male,5029
Ukraine,1950,Unknown,9
Ukraine,1960,Female,1134
Ukraine,1960,Male,4480
Ukraine,1960,Unknown,6
Ukraine,1970,Female,1312
Ukraine,1970,Male,5178
Ukraine,1970,Non-binary or other,1
Ukraine,1970,Unknown,16
Ukraine,1980,Female,1651
Ukraine,1980,Male,4783
Ukraine,1980,Unknown,21
Ukraine,1990,Female,959
Ukraine,1990,Male,3590
Ukraine,1990,Unknown,9
Ukraine,2000,Female,240
Ukraine,2000,Male,707
Ukraine,2000,Unknown,2
Ukraine,2010,Female,9
Ukraine,2010,Male,7
United Arab Emirates,1900,Male,4
United Arab Emirates,1910,Male,7
United Arab Emirates,1920,Female,2
United Arab Emirates,1920,Male,8
United Arab Emirates,1930,Female,1
United Arab Emirates,1930,Male,13
United Arab Emirates,1940,Female,2
United Arab Emirates,1940,Male,11
United Arab Emirates,1950,Female,7
United Arab Emirates,1950,Male,26
United Arab Emirates,1950,Unknown,1
United Arab Emirates,1960,Female,11
United Arab Emirates,1960,Male,77
United Arab Emirates,1970,Female,31
United Arab Emirates,1970,Male,99
United Arab Emirates,1980,Female,68
United Arab Emirates,1980,Male,316
United Arab Emirates,1980,Unknown,1
United Arab Emirates,1990,Female,39
United Arab Emirates,1990,Male,410
United Arab Emirates,2000,Female,19
United Arab Emirates,2000,Male,50
United Arab Emirates,2020,Male,1
United Kingdom,1900,Female,1360
United Kingdom,1900,Male,6932
United Kingdom,1900,Non-binary or other,1
United Kingdom,1900,Unknown,11
United Kingdom,1910,Female,1278
United Kingdom,1910,Male,6911
United Kingdom,1910,Non-binary or other,1
United Kingdom,1910,Unknown,13
United Kingdom,1920,Female,1362
United Kingdom,1920,Male,8085
United Kingdom,1920,Non-binary or other,1
United Kingdom,1920,Unknown,26
United Kingdom,1930,Female,1435
United Kingdom,1930,Male,8861
United Kingdom,1930,Non-binary or other,1
United Kingdom,1930,Unknown,19
United Kingdom,1940,Female,2057
United Kingdom,1940,Male,10732
United Kingdom,1940,Non-binary or other,1
United Kingdom,1940,Unknown,19
United Kingdom,1950,Female,2304
United Kingdom,1950,Male,9929
United Kingdom,1950,Non-binary or other,4
United Kingdom,1950,Unknown,21
United Kingdom,1960,Female,2939
United Kingdom,1960,Male,10964
United Kingdom,1960,Non-binary or other,9
United Kingdom,1960,Unknown,16
United Kingdom,1970,Female,2838
United Kingdom,1970,Male,9267
United Kingdom,1970,Non-binary or other,5
United Kingdom,1970,Unknown,20
United Kingdom,1980,Female,3320
United Kingdom,1980,Male,10051
United Kingdom,1980,Non-binary or other,22
United Kingdom,1980,Unknown,20
United Kingdom,1990,Female,3039
United Kingdom,1990,Male,8940
United Kingdom,1990,Non-binary or other,45
United Kingdom,1990,Unknown,18
United Kingdom,2000,Female,841
United Kingdom,2000,Male,2480
United Kingdom,2000,Non-binary or other,5
United Kingdom,2000,Unknown,8
United Kingdom,2010,Female,45
United Kingdom,2010,Male,32
United Kingdom,2020,Female,7
United Kingdom,2020,Male,7
United States,1900,Female,4084
United States,1900,Male,15689
United States,1900,Non-binary or other,6
United States,1900,Unknown,151
United States,1910,Female,4327
United States,1910,Male,19465
United States,1910,Non-binary or other,1
United States,1910,Unknown,205
United States,1920,Female,5547
United States,1920,Male,24375
United States,1920,Non-binary or other,6
United States,1920,Unknown,213
United States,1930,Female,5186
United States,1930,Male,24356
United States,1930,Non-binary or other,10
United States,1930,Unknown,280
United States,1940,Female,8034
United States,1940,Male,28863
United States,1940,Non-binary or other,26
United States,1940,Unknown,277
United States,1950,Female,9036
United States,1950,Male,29239
United States,1950,Non-binary or other,28
United States,1950,Unknown,212
United States,1960,Female,8206
United States,1960,Male,26635
United States,1960,Non-binary or other,34
United States,1960,Unknown,87
United States,1970,Female,8218
United States,1970,Male,24172
United States,1970,Non-binary or other,59
United States,1970,Unknown,74
United States,1980,Female,9550
United States,1980,Male,25173
United States,1980,Non-binary or other,124
United States,1980,Unknown,89
United States,1990,Female,7179
United States,1990,Male,19246
United States,1990,Non-binary or other,145
United States,1990,Unknown,54
United States,2000,Female,2391
United States,2000,Male,4684
United States,2000,Non-binary or other,27
United States,2000,Unknown,17
United States,2010,Female,136
United States,2010,Male,197
United States,2010,Unknown,2
United States,2020,Female,21
United States,2020,Male,39
United States Virgin Islands,1900,Male,2
United States Virgin Islands,1910,Male,2
United States Virgin Islands,1920,Female,2
United States Virgin Islands,1920,Male,1
United States Virgin Islands,1930,Male,2
United States Virgin Islands,1940,Male,4
United States Virgin Islands,1950,Male,2
United States Virgin Islands,1960,Female,1
United States Virgin Islands,1960,Male,2
United States Virgin Islands,1970,Male,3
United States Virgin Islands,1980,Female,1
United States Virgin Islands,1980,Male,5
United States Virgin Islands,1990,Female,4
United States Virgin Islands,1990,Male,7
United States Virgin Islands,2000,Male,1
Uruguay,1900,Female,73
Uruguay,1900,Male,428
Uruguay,1910,Female,101
Uruguay,1910,Male,441
Uruguay,1920,Female,150
Uruguay,1920,Male,620
Uruguay,1920,Unknown,1
Uruguay,1930,Female,233
Uruguay,1930,Male,695
Uruguay,1930,Unknown,2
Uruguay,1940,Female,366
Uruguay,1940,Male,865
Uruguay,1940,Unknown,2
Uruguay,1950,Female,432
Uruguay,1950,Male,1024
Uruguay,1950,Unknown,1
Uruguay,1960,Female,354
Uruguay,1960,Male,866
Uruguay,1960,Unknown,3
Uruguay,1970,Female,249
Uruguay,1970,Male,748
Uruguay,1970,Non-binary or other,1
Uruguay,1970,Unknown,3
Uruguay,1980,Female,178
Uruguay,1980,Male,908
Uruguay,1980,Unknown,2
Uruguay,1990,Female,76
Uruguay,1990,Male,1071
Uruguay,1990,Non-binary or other,2
Uruguay,2000,Female,24
Uruguay,2000,Male,310
Uruguay,2000,Unknown,1
Uzbekistan,1900,Female,25
Uzbekistan,1900,Male,242
Uzbekistan,1900,Unknown,11
Uzbekistan,1910,Female,47
Uzbekistan,1910,Male,242
Uzbekistan,1910,Unknown,25
Uzbekistan,1920,Female,55
Uzbekistan,1920,Male,321
Uzbekistan,1920,Unknown,27
Uzbekistan,1930,Female,76
Uzbekistan,1930,Male,321
Uzbekistan,1930,Unknown,49
Uzbekistan,1940,Female,78
Uzbekistan,1940,Male,383
Uzbekistan,1940,Unknown,80
Uzbekistan,1950,Female,85
Uzbekistan,1950,Male,335
Uzbekistan,1950,Unknown,79
Uzbekistan,1960,Female,94
Uzbekistan,1960,Male,300
Uzbekistan,1960,Unknown,45
Uzbekistan,1970,Female,84
Uzbekistan,1970,Male,336
Uzbekistan,1970,Unknown,60
Uzbekistan,1980,Female,146
Uzbekistan,1980,Male,429
Uzbekistan,1980,Unknown,31
Uzbekistan,1990,Female,111
Uzbekistan,1990,Male,317
Uzbekistan,1990,Unknown,12
Uzbekistan,2000,Female,45
Uzbekistan,2000,Male,83
Uzbekistan,2000,Unknown,3
Vanuatu,1900,Female,1
Vanuatu,1910,Male,1
Vanuatu,1920,Male,3
Vanuatu,1930,Female,1
Vanuatu,1930,Male,5
Vanuatu,1940,Female,1
Vanuatu,1940,Male,10
Vanuatu,1950,Female,1
Vanuatu,1950,Male,15
Vanuatu,1960,Female,3
Vanuatu,1960,Male,9
Vanuatu,1970,Female,2
Vanuatu,1970,Male,15
Vanuatu,1980,Female,4
Vanuatu,1980,Male,33
Vanuatu,1990,Female,3
Vanuatu,1990,Male,61
Vanuatu,2000,Female,1
Vanuatu,2000,Male,3
Vatican City,1940,Female,1
Venezuela,1900,Female,31
Venezuela,1900,Male,147
Venezuela,1910,Female,23
Venezuela,1910,Male,144
Venezuela,1920,Female,58
Venezuela,1920,Male,223
Venezuela,1920,Unknown,3
Venezuela,1930,Female,82
Venezuela,1930,Male,272
Venezuela,1930,Unknown,6
Venezuela,1940,Female,112
Venezuela,1940,Male,312
Venezuela,1940,Unknown,22
Venezuela,1950,Female,171
Venezuela,1950,Male,467
Venezuela,1950,Unknown,28
Venezuela,1960,Female,245
Venezuela,1960,Male,559
Venezuela,1960,Unknown,45
Venezuela,1970,Female,251
Venezuela,1970,Male,627
Venezuela,1970,Unknown,46
Venezuela,1980,Female,319
Venezuela,1980,Male,851
Venezuela,1980,Non-binary or other,1
Venezuela,1980,Unknown,11
Venezuela,1990,Female,265
Venezuela,1990,Male,754
Venezuela,1990,Non-binary or other,1
Venezuela,1990,Unknown,2
Venezuela,2000,Female,42
Venezuela,2000,Male,212
Venezuela,2000,Unknown,5
Venezuela,2010,Female,2
Venezuela,2010,Male,2
Vietnam,1900,Female,23
Vietnam,1900,Male,180
Vietnam,1900,Unknown,22
Vietnam,1910,Female,23
Vietnam,1910,Male,292
Vietnam,1910,Unknown,55
Vietnam,1920,Female,41
Vietnam,1920,Male,451
Vietnam,1920,Unknown,78
Vietnam,1930,Female,56
Vietnam,1930,Male,384
Vietnam,1930,Unknown,77
Vietnam,1940,Female,91
Vietnam,1940,Male,347
Vietnam,1940,Unknown,67
Vietnam,1950,Female,84
Vietnam,1950,Male,340
Vietnam,1950,Unknown,158
Vietnam,1960,Female,134
Vietnam,1960,Male,334
Vietnam,1960,Unknown,213
Vietnam,1970,Female,211
Vietnam,1970,Male,350
Vietnam,1970,Unknown,83
Vietnam,1980,Female,259
Vietnam,1980,Male,372
Vietnam,1980,Unknown,38
Vietnam,1990,Female,239
Vietnam,1990,Male,404
Vietnam,1990,Unknown,25
Vietnam,2000,Female,48
Vietnam,2000,Male,72
Vietnam,2000,Unknown,9
Western Sahara,1910,Male,1
Western Sahara,1920,Male,2
Western Sahara,1920,Unknown,1
Western Sahara,1940,Male,7
Western Sahara,1950,Female,2
Western Sahara,1950,Male,10
Western Sahara,1960,Female,2
Western Sahara,1960,Male,3
Western Sahara,1970,Female,1
Western Sahara,1970,Male,2
Western Sahara,1980,Female,1
Western Sahara,1990,Female,1
Western Sahara,1990,Male,1
Yemen,1900,Male,20
Yemen,1910,Female,3
Yemen,1910,Male,18
Yemen,1920,Female,4
Yemen,1920,Male,21
Yemen,1930,Female,7
Yemen,1930,Male,66
Yemen,1940,Female,7
Yemen,1940,Male,67
Yemen,1950,Female,10
Yemen,1950,Male,75
Yemen,1960,Female,15
Yemen,1960,Male,84
Yemen,1960,Non-binary or other,1
Yemen,1970,Female,17
Yemen,1970,Male,80
Yemen,1980,Female,9
Yemen,1980,Male,49
Yemen,1990,Female,6
Yemen,1990,Male,48
Yemen,2000,Female,3
Yemen,2000,Male,11
Zambia,1900,Male,1
Zambia,1900,Unknown,1
Zambia,1910,Male,5
Zambia,1920,Female,3
Zambia,1920,Male,15
Zambia,1930,Female,4
Zambia,1930,Male,32
Zambia,1940,Female,8
Zambia,1940,Male,46
Zambia,1950,Female,13
Zambia,1950,Male,61
Zambia,1960,Female,18
Zambia,1960,Male,84
Zambia,1960,Unknown,1
Zambia,1970,Female,24
Zambia,1970,Male,106
Zambia,1980,Female,33
Zambia,1980,Male,147
Zambia,1990,Female,49
Zambia,1990,Male,143
Zambia,1990,Non-binary or other,1
Zambia,2000,Female,19
Zambia,2000,Male,20
Zambia,2000,Unknown,1
Zimbabwe,1900,Female,4
Zimbabwe,1900,Male,11
Zimbabwe,1910,Female,1
Zimbabwe,1910,Male,22
Zimbabwe,1920,Female,4
Zimbabwe,1920,Male,44
Zimbabwe,1920,Unknown,1
Zimbabwe,1930,Female,11
Zimbabwe,1930,Male,67
Zimbabwe,1940,Female,23
Zimbabwe,1940,Male,96
Zimbabwe,1950,Female,35
Zimbabwe,1950,Male,110
Zimbabwe,1960,Female,29
Zimbabwe,1960,Male,134
Zimbabwe,1970,Female,42
Zimbabwe,1970,Male,218
Zimbabwe,1980,Female,77
Zimbabwe,1980,Male,349
Zimbabwe,1980,Unknown,1
Zimbabwe,1990,Female,62
Zimbabwe,1990,Male,246
Zimbabwe,1990,Unknown,1
Zimbabwe,2000,Female,7
Zimbabwe,2000,Male,29
